path	size_mb	ext	tracked_in_git
/Users/ivanyakovlev/Documents/GitHub/matemdigest-map/vypuski/.korpus/wiki_teksty.json	223.1	json	no
/Users/ivanyakovlev/Downloads/книжки/Дневник математического кружка.pdf	79.8	pdf	not-a-repo
/Users/ivanyakovlev/Documents/GitHub/materials/_fond/biblioteka/nachalka/burago-dnevnik-kruzhka-god-1.pdf	79.8	pdf	no
/Users/ivanyakovlev/Documents/Книги/Прочее/книги/Shapovalov_-Matematicheskie-konstruktsii-ot-khizhin-k-dvortsam-_2015.pdf	78.7	pdf	not-a-repo
/Users/ivanyakovlev/Documents/Книги/Научпоп/Сосинский А.Б. - Узлы. Хронология одной математической теории.pdf	72.6	pdf	not-a-repo
/Users/ivanyakovlev/Documents/клипы/Robin Thicke ft. T.I. and Pharrell - Blurred Lines - 1080HD - [ VKlipe.org ].mp4	66.6	mp4	not-a-repo
/Users/ivanyakovlev/Documents/Книги/Научпоп/Ленинградские_математические_кружки.pdf	63.8	pdf	not-a-repo
/Users/ivanyakovlev/Documents/Книги/Прочее/книги/B-001-038-698-06.pdf	48.5	pdf	not-a-repo
/Users/ivanyakovlev/Documents/Книги/Научпоп/Перельман - Занимательная математика.pdf	44.4	pdf	not-a-repo
/Users/ivanyakovlev/Documents/GitHub/materials/nagliadnaya-geometriya/istochniki/polina/inzhenernoe-origami-deck.pdf	40.3	pdf	no
/Users/ivanyakovlev/Downloads/книжки/Орлин - Математические игры.pdf	39.5	pdf	not-a-repo
/Users/ivanyakovlev/Documents/GitHub/materials/_fond/biblioteka/orlin-matematicheskie-igry.pdf	39.5	pdf	no
/Users/ivanyakovlev/Documents/GitHub/spetsmat/_archive/review_artifacts_2026-06-17.zip	35.3	zip	not-a-repo
/Users/ivanyakovlev/Documents/Книги/Геометрия_Топология/М Громов Дифференциальные соотношения с частными производными.pdf	35.2	pdf	not-a-repo
/Users/ivanyakovlev/Documents/Книги/Вероятность/Карлин - Основы теории случайных процессов.pdf	35.1	pdf	not-a-repo
/Users/ivanyakovlev/Documents/Книги/Логика и множества/Крупский, Плиско - Математическая логика и теория алгоритмов.pdf	35.0	pdf	not-a-repo
/Users/ivanyakovlev/Documents/Книги/Научпоп/Математический калейдоскоп Штейнгауз.pdf	34.5	pdf	not-a-repo
/Users/ivanyakovlev/Documents/Книги/Комбинаторика/Стенли - Перечислительная комбинаторика. Том 1.pdf	34.3	pdf	not-a-repo
/Users/ivanyakovlev/Documents/Книги/Анализ/Stewart, Clegg, Watson - Calculus Early Transcendentals.pdf	31.5	pdf	not-a-repo
/Users/ivanyakovlev/Documents/Книги/Прочее/Виленкин - Комбинаторика 6+.pdf	31.0	pdf	not-a-repo
/Users/ivanyakovlev/Documents/GitHub/materials/teoriya-kategoriy/istochniki/pdf/maclane-ru-fizmatlit2004.pdf	30.2	pdf	no
/Users/ivanyakovlev/Documents/Книги/Вероятность/Ширяев - Броуновское движение и винеровская мера.pdf	30.2	pdf	not-a-repo
/Users/ivanyakovlev/Documents/Готовимся к ЕГЭ/reference/методички_Часть2/15_Шестаков_Неравенства_Задача15.pdf	29.7	pdf	not-a-repo
/Users/ivanyakovlev/Documents/Книги/Вероятность/Алон, Спенсер - Вероятностный метод.pdf	29.4	pdf	not-a-repo
/Users/ivanyakovlev/Documents/Книги/Геометрия_Топология/Блинков Гуровиц Непрерывность.pdf	28.9	pdf	not-a-repo
/Users/ivanyakovlev/Documents/Книги/Элементарная математика.pdf	27.9	pdf	not-a-repo
/Users/ivanyakovlev/Documents/Книги/Графы/Ловас, Пламмер - Прикладные задачи теории графов.pdf	27.5	pdf	not-a-repo
/Users/ivanyakovlev/Documents/Готовимся к ЕГЭ/reference/официальные_варианты_ЕГЭ/ЕГЭ 2026 Ященко 36 вариантов.pdf	26.7	pdf	not-a-repo
/Users/ivanyakovlev/Documents/Книги/Тьюринг. Путеводитель по математической строгости/style/textures/cover.jpg	26.4	jpg	not-a-repo
/Users/ivanyakovlev/Documents/Книги/Комбинаторика/cours_imsc16_ch1a.pdf	25.0	pdf	not-a-repo
/Users/ivanyakovlev/Downloads/Скриншоты/Запись экрана — 2026-09-09 в 14.32.47.mov	24.8	mov	not-a-repo
/Users/ivanyakovlev/Documents/Книги/Комбинаторика/Tomescu - Problems in Combinatorics and Graph Theory.pdf	24.5	pdf	not-a-repo
/Users/ivanyakovlev/Documents/Книги/Логика и множества/EtudesRu-MS-Book.pdf	24.0	pdf	not-a-repo
/Users/ivanyakovlev/Documents/Готовимся к ЕГЭ/reference/методички_Часть2/18_Шестаков_Параметр_Задача18.pdf	23.5	pdf	not-a-repo
/Users/ivanyakovlev/Documents/Книги/Комбинаторика/combinatorial_theory.pdf	22.9	pdf	not-a-repo
/Users/ivanyakovlev/Downloads/Комбинаторика 1 - 7И 22 сентября.pdf	21.3	pdf	not-a-repo
/Users/ivanyakovlev/Documents/Книги/Логика и множества/Колмогоров, Драгалин - Математическая логика.pdf	21.2	pdf	not-a-repo
/Users/ivanyakovlev/Documents/Книги/Геометрия_Топология/Milnor — Теория Морса.pdf	21.1	pdf	not-a-repo
/Users/ivanyakovlev/Documents/Книги/Научпоп/Васютинский - Золотая пропорция.pdf	20.7	pdf	not-a-repo
/Users/ivanyakovlev/Documents/Книги/Научпоп/Гарднер - Математические головоломки.pdf	20.1	pdf	not-a-repo
/Users/ivanyakovlev/Documents/Книги/Комбинаторика/cours_imsc16_ch2a.pdf	19.7	pdf	not-a-repo
/Users/ivanyakovlev/Documents/GitHub/matema-fest/zhurnal/2026-07-09_kvyz-fraktaly/zi7uuFeL	17.9		no
/Users/ivanyakovlev/Documents/Книги/Прочее/Вялый, Подольский, Рубцов, Шварц - Лекции по дискретной математике.pdf	17.5	pdf	not-a-repo
/Users/ivanyakovlev/Documents/Книги/Научпоп/Новая Школьная Энциклопедия. Спивак.pdf	17.1	pdf	not-a-repo
/Users/ivanyakovlev/Documents/GitHub/materials/catalan/biblioteka/istochniki/knigi/Spivak — Новая школьная энциклопедия (математика).pdf	17.1	pdf	no
/Users/ivanyakovlev/Documents/Книги/Комбинаторика/Sagan - The Symmetric Group.pdf	17.0	pdf	not-a-repo
/Users/ivanyakovlev/Documents/GitHub/materials/nagliadnaya-geometriya/istochniki/polina/optika-konicheskie-secheniya.pdf	16.7	pdf	no
/Users/ivanyakovlev/Documents/Книги/Вероятность/Синай Я.Г. - Введение в эргодическую теорию.pdf	16.1	pdf	not-a-repo
/Users/ivanyakovlev/Documents/GitHub/materials/teoriya-kategoriy/istochniki/pdf/milewski-category-theory-for-programmers.pdf	15.7	pdf	no
/Users/ivanyakovlev/Documents/Книги/Научпоп/Самойленко - Вероятности и неприятности. Математика повседневной жизни.pdf	14.1	pdf	not-a-repo
/Users/ivanyakovlev/Documents/Книги/Научпоп/математические изюминки.pdf	13.7	pdf	not-a-repo
/Users/ivanyakovlev/Documents/GitHub/materials/teoriya-kategoriy/istochniki/pdf/lawvere-schanuel-conceptual-mathematics-2ed.pdf	13.6	pdf	no
/Users/ivanyakovlev/Documents/Готовимся к ЕГЭ/fipi/matematika_mr_ege_2025.pdf	13.5	pdf	not-a-repo
/Users/ivanyakovlev/Documents/Книги/Геометрия_Топология/Ауриаго, Далгаллер — Введение в риманову геометрию.pdf	13.4	pdf	not-a-repo
/Users/ivanyakovlev/Documents/GitHub/matproekty-179/istochniki/I-82-sts-official-rules-2026.pdf	13.2	pdf	no
/Users/ivanyakovlev/Documents/GitHub/matproekty-179/I-82-sts-official-rules-2026.pdf	13.2	pdf	no
/Users/ivanyakovlev/Documents/Книги/Комбинаторика/Данилов - Лекции по теории игр.pdf	13.0	pdf	not-a-repo
/Users/ivanyakovlev/Documents/Книги/Вероятность/Пятьдесят занимательных вероятностных задач с решениями.pdf	12.9	pdf	not-a-repo
/Users/ivanyakovlev/Documents/GitHub/materials/teorver-vvedenie/istochniki/pdf/mosteller-50-zadach.pdf	12.9	pdf	no
/Users/ivanyakovlev/Documents/Книги/Логика и множества/Львовский - Что не так. Математические парадоксы и софизмы.pdf	12.4	pdf	not-a-repo
/Users/ivanyakovlev/Documents/Книги/Комбинаторика/PuzzlingThroughExactSequences.pdf	12.1	pdf	not-a-repo
/Users/ivanyakovlev/Documents/Готовимся к ЕГЭ/reference/методички_Часть2/13_Шестаков-Захаров_Уравнения_Задача13.pdf	11.8	pdf	not-a-repo
/Users/ivanyakovlev/Documents/Готовимся к ЕГЭ/reference/методички_Часть2/19_Вольфсон-и-др_Числа_Задача19.pdf	11.5	pdf	not-a-repo
/Users/ivanyakovlev/Documents/Книги/Прочее/книги/Konkretnaya_matematika_Matematicheskie_osnovy_informatiki.pdf	11.3	pdf	not-a-repo
/Users/ivanyakovlev/Documents/GitHub/spetsmat/materials/источники-книги/Доценко - Задачи по математике 2000-2004.pdf	11.3	pdf	not-a-repo
/Users/ivanyakovlev/Documents/Книги/Научпоп/Математика_для_тех,_кто_боится_математики.pdf	11.0	pdf	not-a-repo
/Users/ivanyakovlev/Downloads/Брессу - Доказательства и подтверждения. Как была доказана гипотеза о знакочередующихся матрицах.pdf/[Комбинаторика] Брессу - Доказательства и Подтверждения_ Как была доказана гипотеза о знакочередующихся матрицах (МЦНМО) - libgen.li.pdf	11.0	pdf	not-a-repo
/Users/ivanyakovlev/Documents/GitHub/materials/kurs-puti-i-volny/istochniki/Bressoud-dokazatelstva-i-podtverzhdeniya.pdf	11.0	pdf	no
/Users/ivanyakovlev/Documents/Книги/Прочее/статьи/rosas2025.pdf	10.9	pdf	not-a-repo
/Users/ivanyakovlev/Documents/Книги/Вероятность/Задачи заочных интернет-олимпиад по теории вероятностей и статистике.pdf	10.7	pdf	not-a-repo
/Users/ivanyakovlev/Documents/GitHub/materials/teorver-vvedenie/istochniki/pdf/vysockiy-yashchenko-olimpiady.pdf	10.7	pdf	no
/Users/ivanyakovlev/Documents/Книги/Прочее/книги/M_B_Lagutin_Naglyadnaya_matematicheskaya_statistik.pdf	10.6	pdf	not-a-repo
/Users/ivanyakovlev/Documents/Книги/Комбинаторика/Gyori, Katona - Horizons of Combinatorics.pdf	10.5	pdf	not-a-repo
/Users/ivanyakovlev/Downloads/книжки/Калинина, Кац, Тилипман - Математика в твоих руках.pdf	10.4	pdf	not-a-repo
/Users/ivanyakovlev/Documents/GitHub/materials/_fond/biblioteka/nachalka/kalinina-kac-tilipman-matematika-v-tvoih-rukah.pdf	10.4	pdf	no
/Users/ivanyakovlev/Documents/Книги/Комбинаторика/Bona - A Walk Through Combinatorics.pdf	10.4	pdf	not-a-repo
/Users/ivanyakovlev/Documents/Книги/Вероятность/Кельбер Сухов Задачник.pdf	10.3	pdf	not-a-repo
/Users/ivanyakovlev/Downloads/Когано - Анализ и комбинаторика.pdf	10.1	pdf	not-a-repo
/Users/ivanyakovlev/Downloads/Андерсен - Дискретная математика.pdf	10.0	pdf	not-a-repo
/Users/ivanyakovlev/Documents/Книги/Логика и множества/compl-book.pdf	9.8	pdf	not-a-repo
/Users/ivanyakovlev/Documents/Книги/Вероятность/Кружок по теории вероятностей.pdf	9.7	pdf	not-a-repo
/Users/ivanyakovlev/Documents/GitHub/materials/teorver-vvedenie/istochniki/pdf/vysockiy-kruzhok-tv.pdf	9.7	pdf	no
/Users/ivanyakovlev/Documents/GitHub/materials/_fond/biblioteka/vysockij-kruzhok-teorver.pdf	9.7	pdf	no
/Users/ivanyakovlev/Documents/Книги/Логика и множества/diskretnaya_matematika_chast_1.pdf	9.7	pdf	not-a-repo
/Users/ivanyakovlev/Documents/Книги/Вероятность/vvedenie_v_ehrgodicheskuyu_teoriyu.pdf	9.7	pdf	not-a-repo
/Users/ivanyakovlev/Documents/Книги/Тьюринг. Путеводитель по математической строгости/style/textures/Complement.jpg	9.5	jpg	not-a-repo
/Users/ivanyakovlev/Documents/мои документы/Загран.pdf	9.3	pdf	not-a-repo
/Users/ivanyakovlev/Documents/Книги/Вероятность/Chung, AitSahlia - Elementary Probability Theory. With Stochastic Processes and an Introduction to Mathematical Finance.pdf	9.2	pdf	not-a-repo
/Users/ivanyakovlev/Documents/Книги/Логика и множества/Виленкин - Рассказы о множествах.pdf	9.1	pdf	not-a-repo
/Users/ivanyakovlev/Documents/Книги/Вероятность/Секей Парадоксы в теории вероятности.pdf	8.9	pdf	not-a-repo
/Users/ivanyakovlev/Documents/GitHub/materials/teorver-vvedenie/istochniki/pdf/sekey-paradoksy.pdf	8.9	pdf	no
/Users/ivanyakovlev/Documents/Книги/Вероятность/П.Эрдёш, Дж.Спенсер, Вероятностные методы в комбинаторике.pdf	8.9	pdf	not-a-repo
/Users/ivanyakovlev/Documents/Книги/Прочее/книги/cosmo.pdf	8.9	pdf	not-a-repo
/Users/ivanyakovlev/Documents/Книги/Вероятность/Hawkins - Ergodic Dynamics.pdf	8.7	pdf	not-a-repo
/Users/ivanyakovlev/Documents/GitHub/materials/teoriya-kategoriy/istochniki/pdf/gelfand-manin-methods-homological-algebra-en.pdf	8.6	pdf	no
/Users/ivanyakovlev/Documents/GitHub/spetsmat/spetsmat_db/outputs/spetsmat_demo.html	8.6	html	no
/Users/ivanyakovlev/Documents/Книги/Вероятность/Бородин - Элементарный курс теории вероятностей и математической статистики.pdf	8.5	pdf	not-a-repo
/Users/ivanyakovlev/Documents/GitHub/materials/ucheniki/literatura/orlin-matematicheskie-igry.pdf	8.4	pdf	no
/Users/ivanyakovlev/Documents/GitHub/materials/teoriya-kategoriy/istochniki/pdf/pierce-basic-category-theory-cs-1991.pdf	8.3	pdf	no
/Users/ivanyakovlev/Documents/GitHub/materials/teoriya-kategoriy/istochniki/pdf/cheng-the joy of abstraction - an exploration of math, category .pdf	8.2	pdf	no
