repo_path	branch	has_upstream	ahead	behind	in_default	last_commit_date	checked_out_in
/Users/ivanyakovlev/Documents/GitHub/ankety	main	yes	4	0	no	2026-09-20T19:13	/Users/ivanyakovlev/Documents/GitHub/ankety
/Users/ivanyakovlev/Documents/GitHub/ankety	zahod/uvedomlenie-shkolnika	yes	0	0	no	2026-09-20T19:13	
/Users/ivanyakovlev/Documents/GitHub/disciplina	main	yes	1309	0	no	2026-09-24T11:20	/Users/ivanyakovlev/Documents/GitHub/disciplina
/Users/ivanyakovlev/Documents/GitHub/disciplina	zahod/avariynyj-kommit	yes	0	0	yes	2026-09-20T12:59	/Users/ivanyakovlev/Documents/GitHub/disciplina-wt/avariynyj-kommit
/Users/ivanyakovlev/Documents/GitHub/disciplina	zahod/baza-i-srez-pri-podyome	no	n/a	n/a	yes	2026-09-23T01:50	/Users/ivanyakovlev/Documents/GitHub/disciplina-wt/baza-i-srez-pri-podyome
/Users/ivanyakovlev/Documents/GitHub/disciplina	zahod/byudzhety-i-rashod	yes	0	0	no	2026-09-17T11:01	/Users/ivanyakovlev/Documents/GitHub/disciplina-wt/byudzhety-i-rashod
/Users/ivanyakovlev/Documents/GitHub/disciplina	zahod/cena-volny-snimaetsya-instrumentom	no	n/a	n/a	yes	2026-09-06T22:58	
/Users/ivanyakovlev/Documents/GitHub/disciplina	zahod/chasovoj-ne-podnimaet-zakrytuyu	yes	0	0	yes	2026-09-21T02:17	/Users/ivanyakovlev/Documents/GitHub/disciplina-wt/chasovoj-ne-podnimaet-zakrytuyu
/Users/ivanyakovlev/Documents/GitHub/disciplina	zahod/chasovoj-ne-umiraet-molcha	yes	0	0	yes	2026-09-23T12:36	/Users/ivanyakovlev/Documents/GitHub/disciplina-wt/chasovoj-ne-umiraet-molcha
/Users/ivanyakovlev/Documents/GitHub/disciplina	zahod/chasovoj-zhurnal-volny	no	n/a	n/a	no	2026-09-23T18:21	/Users/ivanyakovlev/Documents/GitHub/disciplina-wt/chasovoj-zhurnal-volny
/Users/ivanyakovlev/Documents/GitHub/disciplina	zahod/dajdzhest-otvyazka-ot-repo	yes	0	0	yes	2026-08-31T21:54	
/Users/ivanyakovlev/Documents/GitHub/disciplina	zahod/denezhnye-puly-i-proba-zhivosti-modeli	yes	0	0	yes	2026-09-04T15:32	/Users/ivanyakovlev/Documents/GitHub/disciplina-wt/denezhnye-puly-i-proba-zhivosti-modeli
/Users/ivanyakovlev/Documents/GitHub/disciplina	zahod/dengi-v-stroke-kruga	yes	0	0	yes	2026-09-21T15:52	/Users/ivanyakovlev/Documents/GitHub/disciplina-wt/dengi-v-stroke-kruga
/Users/ivanyakovlev/Documents/GitHub/disciplina	zahod/diagnoz-odnoj-komandoj	yes	0	0	yes	2026-09-23T14:58	/Users/ivanyakovlev/Documents/GitHub/disciplina-wt/diagnoz-odnoj-komandoj
/Users/ivanyakovlev/Documents/GitHub/disciplina	zahod/diagnoz-orkestratora	yes	0	0	no	2026-09-23T16:33	/Users/ivanyakovlev/Documents/GitHub/disciplina-wt/diagnoz-orkestratora
/Users/ivanyakovlev/Documents/GitHub/disciplina	zahod/dirizher-klass-prichiny-mashinno	no	n/a	n/a	yes	2026-09-17T12:05	/Users/ivanyakovlev/Documents/GitHub/disciplina-wt/dirizher-klass-prichiny-mashinno
/Users/ivanyakovlev/Documents/GitHub/disciplina	zahod/dirizher-po-zameru	no	n/a	n/a	no	2026-09-24T00:51	/Users/ivanyakovlev/Documents/GitHub/disciplina-wt/dirizher-po-zameru
/Users/ivanyakovlev/Documents/GitHub/disciplina	zahod/dirizher-sostoyanie-volny-storozh-spasenie-dobor	yes	0	0	yes	2026-09-04T16:12	/Users/ivanyakovlev/Documents/GitHub/disciplina-wt/dirizher-sostoyanie-volny-storozh-spasenie-dobor
/Users/ivanyakovlev/Documents/GitHub/disciplina	zahod/dobor-s-mesta	no	n/a	n/a	no	2026-09-24T02:43	/Users/ivanyakovlev/Documents/GitHub/disciplina-wt/dobor-s-mesta
/Users/ivanyakovlev/Documents/GitHub/disciplina	zahod/dolgi-orkestratora-ishod	yes	0	0	yes	2026-09-21T05:09	/Users/ivanyakovlev/Documents/GitHub/disciplina-wt/dolgi-orkestratora-ishod
/Users/ivanyakovlev/Documents/GitHub/disciplina	zahod/dolgi-orkestratora-peresud	no	n/a	n/a	yes	2026-09-23T01:38	/Users/ivanyakovlev/Documents/GitHub/disciplina-wt/dolgi-orkestratora-peresud
/Users/ivanyakovlev/Documents/GitHub/disciplina	zahod/dopolnenie-kak-zapis	yes	0	0	yes	2026-09-20T20:38	/Users/ivanyakovlev/Documents/GitHub/disciplina-wt/dopolnenie-kak-zapis
/Users/ivanyakovlev/Documents/GitHub/disciplina	zahod/dve-na-odnoj-modeli	yes	0	0	yes	2026-09-20T18:53	/Users/ivanyakovlev/Documents/GitHub/disciplina-wt/dve-na-odnoj-modeli
/Users/ivanyakovlev/Documents/GitHub/disciplina	zahod/dve-na-odnoj-modeli-2	yes	0	0	yes	2026-09-21T03:28	/Users/ivanyakovlev/Documents/GitHub/disciplina-wt/dve-na-odnoj-modeli-2
/Users/ivanyakovlev/Documents/GitHub/disciplina	zahod/dve-na-odnoj-modeli-3	yes	0	0	yes	2026-09-21T17:01	/Users/ivanyakovlev/Documents/GitHub/disciplina-wt/dve-na-odnoj-modeli-3
/Users/ivanyakovlev/Documents/GitHub/disciplina	zahod/dver-nahodki	no	n/a	n/a	yes	2026-09-23T14:36	/Users/ivanyakovlev/Documents/GitHub/disciplina-wt/dver-nahodki
/Users/ivanyakovlev/Documents/GitHub/disciplina	zahod/dver-verdikta-incidenta	yes	0	0	yes	2026-09-23T01:49	/Users/ivanyakovlev/Documents/GitHub/disciplina-wt/dver-verdikta-incidenta
/Users/ivanyakovlev/Documents/GitHub/disciplina	zahod/faza-uborki-razrezana	no	n/a	n/a	yes	2026-09-23T10:50	/Users/ivanyakovlev/Documents/GitHub/disciplina-wt/faza-uborki-razrezana
/Users/ivanyakovlev/Documents/GitHub/disciplina	zahod/gejt-podklyucheniya-lozhnoe-zelenoe	yes	0	0	yes	2026-09-21T14:30	/Users/ivanyakovlev/Documents/GitHub/disciplina-wt/gejt-podklyucheniya-lozhnoe-zelenoe
/Users/ivanyakovlev/Documents/GitHub/disciplina	zahod/gejt-postroeno-ne-podklyucheno	yes	0	0	yes	2026-09-21T04:08	/Users/ivanyakovlev/Documents/GitHub/disciplina-wt/gejt-postroeno-ne-podklyucheno
/Users/ivanyakovlev/Documents/GitHub/disciplina	zahod/generator-pravila	yes	0	0	yes	2026-09-20T18:12	/Users/ivanyakovlev/Documents/GitHub/disciplina-wt/generator-pravila
/Users/ivanyakovlev/Documents/GitHub/disciplina	zahod/generator-rychaga	yes	0	0	no	2026-09-20T21:20	/Users/ivanyakovlev/Documents/GitHub/disciplina-wt/generator-rychaga
/Users/ivanyakovlev/Documents/GitHub/disciplina	zahod/generator-startovaya-stroka	no	n/a	n/a	yes	2026-09-20T09:22	
/Users/ivanyakovlev/Documents/GitHub/disciplina	zahod/gigiena-arki-bez-klapanov	no	n/a	n/a	no	2026-09-24T03:06	/Users/ivanyakovlev/Documents/GitHub/disciplina-wt/gigiena-arki-bez-klapanov
/Users/ivanyakovlev/Documents/GitHub/disciplina	zahod/gigiena-repozitoriya-worktree-vetki-vyvoz	yes	0	0	yes	2026-09-04T00:08	/Users/ivanyakovlev/Documents/GitHub/disciplina-wt/gigiena-repozitoriya-worktree-vetki-vyvoz
/Users/ivanyakovlev/Documents/GitHub/disciplina	zahod/git-bez-zamkov	no	n/a	n/a	no	2026-09-23T22:57	/Users/ivanyakovlev/Documents/GitHub/disciplina-wt/git-bez-zamkov
/Users/ivanyakovlev/Documents/GitHub/disciplina	zahod/git-zona-zona-shire-kontrakta	no	n/a	n/a	no	2026-09-17T17:03	/Users/ivanyakovlev/Documents/GitHub/disciplina-wt/git-zona-zona-shire-kontrakta
/Users/ivanyakovlev/Documents/GitHub/disciplina	zahod/gromkij-otkaz-podlozhka	yes	0	0	yes	2026-09-23T13:20	/Users/ivanyakovlev/Documents/GitHub/disciplina-wt/gromkij-otkaz-podlozhka
/Users/ivanyakovlev/Documents/GitHub/disciplina	zahod/huk-git-po-kontraktu	no	n/a	n/a	no	2026-09-24T02:16	/Users/ivanyakovlev/Documents/GitHub/disciplina-wt/huk-git-po-kontraktu
/Users/ivanyakovlev/Documents/GitHub/disciplina	zahod/huk-obhod-proverok	yes	1	0	no	2026-09-24T10:00	/Users/ivanyakovlev/Documents/GitHub/disciplina-wt/huk-obhod-proverok
/Users/ivanyakovlev/Documents/GitHub/disciplina	zahod/huk-obryv-api	no	n/a	n/a	no	2026-09-24T01:05	/Users/ivanyakovlev/Documents/GitHub/disciplina-wt/huk-obryv-api
/Users/ivanyakovlev/Documents/GitHub/disciplina	zahod/huk-otchyot-pozicii	yes	1	0	no	2026-09-24T08:33	/Users/ivanyakovlev/Documents/GitHub/disciplina-wt/huk-otchyot-pozicii
/Users/ivanyakovlev/Documents/GitHub/disciplina	zahod/huk-porog-konteksta	yes	0	0	no	2026-09-24T05:29	/Users/ivanyakovlev/Documents/GitHub/disciplina-wt/huk-porog-konteksta
/Users/ivanyakovlev/Documents/GitHub/disciplina	zahod/huk-preemnik-zhdyot	no	n/a	n/a	no	2026-09-24T07:49	/Users/ivanyakovlev/Documents/GitHub/disciplina-wt/huk-preemnik-zhdyot
/Users/ivanyakovlev/Documents/GitHub/disciplina	zahod/huk-puti-v-zahodah	no	n/a	n/a	no	2026-09-24T03:01	/Users/ivanyakovlev/Documents/GitHub/disciplina-wt/huk-puti-v-zahodah
/Users/ivanyakovlev/Documents/GitHub/disciplina	zahod/huk-serdce-avto	yes	0	0	no	2026-09-23T21:49	/Users/ivanyakovlev/Documents/GitHub/disciplina-wt/huk-serdce-avto
/Users/ivanyakovlev/Documents/GitHub/disciplina	zahod/huk-snimok-pered-szhatiem	yes	1	0	no	2026-09-24T06:46	/Users/ivanyakovlev/Documents/GitHub/disciplina-wt/huk-snimok-pered-szhatiem
/Users/ivanyakovlev/Documents/GitHub/disciplina	zahod/huk-start-sessii	yes	0	0	no	2026-09-24T10:26	/Users/ivanyakovlev/Documents/GitHub/disciplina-wt/huk-start-sessii
/Users/ivanyakovlev/Documents/GitHub/disciplina	zahod/huk-stop-golovy	no	n/a	n/a	no	2026-09-23T20:13	/Users/ivanyakovlev/Documents/GitHub/disciplina-wt/huk-stop-golovy
/Users/ivanyakovlev/Documents/GitHub/disciplina	zahod/huk-stroka-kruga	no	n/a	n/a	no	2026-09-24T04:48	/Users/ivanyakovlev/Documents/GitHub/disciplina-wt/huk-stroka-kruga
/Users/ivanyakovlev/Documents/GitHub/disciplina	zahod/huk-vyvoz-vetki	no	n/a	n/a	no	2026-09-24T09:28	/Users/ivanyakovlev/Documents/GitHub/disciplina-wt/huk-vyvoz-vetki
/Users/ivanyakovlev/Documents/GitHub/disciplina	zahod/huk-zapret-udaleniya	no	n/a	n/a	no	2026-09-23T22:47	/Users/ivanyakovlev/Documents/GitHub/disciplina-wt/huk-zapret-udaleniya
/Users/ivanyakovlev/Documents/GitHub/disciplina	zahod/huki-karkas	no	n/a	n/a	no	2026-09-23T16:42	/Users/ivanyakovlev/Documents/GitHub/disciplina-wt/huki-karkas
/Users/ivanyakovlev/Documents/GitHub/disciplina	zahod/hvosty-d10	no	n/a	n/a	yes	2026-09-23T10:50	/Users/ivanyakovlev/Documents/GitHub/disciplina-wt/hvosty-d10
/Users/ivanyakovlev/Documents/GitHub/disciplina	zahod/hvosty-vynosa	yes	0	0	yes	2026-08-25T23:20	/Users/ivanyakovlev/Documents/GitHub/disciplina-wt/hvosty-vynosa
/Users/ivanyakovlev/Documents/GitHub/disciplina	zahod/izmerit-karantin	yes	0	0	yes	2026-09-21T04:22	/Users/ivanyakovlev/Documents/GitHub/disciplina-wt/izmerit-karantin
/Users/ivanyakovlev/Documents/GitHub/disciplina	zahod/kakie-fikstury	no	n/a	n/a	no	2026-09-23T23:25	/Users/ivanyakovlev/Documents/GitHub/disciplina-wt/kakie-fikstury
/Users/ivanyakovlev/Documents/GitHub/disciplina	zahod/kanaly-razvedka-sud-pochinka	yes	0	0	no	2026-09-20T15:46	/Users/ivanyakovlev/Documents/GitHub/disciplina-wt/kanaly-razvedka-sud-pochinka
/Users/ivanyakovlev/Documents/GitHub/disciplina	zahod/kanon-mandata-v-generatore	no	n/a	n/a	yes	2026-09-20T01:01	/Users/ivanyakovlev/Documents/GitHub/disciplina-wt/kanon-mandata-v-generatore
/Users/ivanyakovlev/Documents/GitHub/disciplina	zahod/karta-gejtov-odnoj-komandoj	yes	0	0	yes	2026-09-21T16:24	/Users/ivanyakovlev/Documents/GitHub/disciplina-wt/karta-gejtov-odnoj-komandoj
/Users/ivanyakovlev/Documents/GitHub/disciplina	zahod/karta-mashiny-orkestratora	no	n/a	n/a	yes	2026-09-23T00:00	/Users/ivanyakovlev/Documents/GitHub/disciplina-wt/karta-mashiny-orkestratora
/Users/ivanyakovlev/Documents/GitHub/disciplina	zahod/karta-mashiny-v2	yes	0	0	yes	2026-09-23T02:36	/Users/ivanyakovlev/Documents/GitHub/disciplina-wt/karta-mashiny-v2
/Users/ivanyakovlev/Documents/GitHub/disciplina	zahod/kartochka-uroka-chem-i-predmet	no	n/a	n/a	yes	2026-09-23T00:00	/Users/ivanyakovlev/Documents/GitHub/disciplina-wt/kartochka-uroka-chem-i-predmet
/Users/ivanyakovlev/Documents/GitHub/disciplina	zahod/kontekst-vedushchego-v-stroke-kruga	yes	0	0	yes	2026-09-23T02:34	/Users/ivanyakovlev/Documents/GitHub/disciplina-wt/kontekst-vedushchego-v-stroke-kruga
/Users/ivanyakovlev/Documents/GitHub/disciplina	zahod/kontrakt-roli-prinuzhdaetsya	yes	0	0	yes	2026-09-21T15:55	/Users/ivanyakovlev/Documents/GitHub/disciplina-wt/kontrakt-roli-prinuzhdaetsya
/Users/ivanyakovlev/Documents/GitHub/disciplina	zahod/kontury-upravleniya	no	n/a	n/a	yes	2026-09-23T13:16	/Users/ivanyakovlev/Documents/GitHub/disciplina-wt/kontury-upravleniya
/Users/ivanyakovlev/Documents/GitHub/disciplina	zahod/konvejer-suda-urokov	yes	0	0	yes	2026-09-21T01:24	/Users/ivanyakovlev/Documents/GitHub/disciplina-wt/konvejer-suda-urokov
/Users/ivanyakovlev/Documents/GitHub/disciplina	zahod/korpus-generatorov-i-tipov	yes	0	0	yes	2026-09-20T11:33	/Users/ivanyakovlev/Documents/GitHub/disciplina-wt/korpus-generatorov-i-tipov
/Users/ivanyakovlev/Documents/GitHub/disciplina	zahod/korpus-mehanika	yes	0	0	yes	2026-09-20T16:18	/Users/ivanyakovlev/Documents/GitHub/disciplina-wt/korpus-mehanika
/Users/ivanyakovlev/Documents/GitHub/disciplina	zahod/korpus-pravil-i-rychagov	yes	0	0	no	2026-09-20T11:48	/Users/ivanyakovlev/Documents/GitHub/disciplina-wt/korpus-pravil-i-rychagov
/Users/ivanyakovlev/Documents/GitHub/disciplina	zahod/korpus-urokov	yes	0	0	yes	2026-09-20T11:21	/Users/ivanyakovlev/Documents/GitHub/disciplina-wt/korpus-urokov
/Users/ivanyakovlev/Documents/GitHub/disciplina	zahod/krug-rychag-i-utrennij-otchyot	yes	0	0	yes	2026-09-21T03:28	/Users/ivanyakovlev/Documents/GitHub/disciplina-wt/krug-rychag-i-utrennij-otchyot
/Users/ivanyakovlev/Documents/GitHub/disciplina	zahod/kuski-sostava-bez-zapora	yes	0	0	no	2026-09-23T17:06	/Users/ivanyakovlev/Documents/GitHub/disciplina-wt/kuski-sostava-bez-zapora
/Users/ivanyakovlev/Documents/GitHub/disciplina	zahod/limit-kak-limit	no	n/a	n/a	no	2026-09-23T21:18	/Users/ivanyakovlev/Documents/GitHub/disciplina-wt/limit-kak-limit
/Users/ivanyakovlev/Documents/GitHub/disciplina	zahod/mandat-atomarnaya-zapis-i-lint	no	n/a	n/a	yes	2026-09-17T12:47	/Users/ivanyakovlev/Documents/GitHub/disciplina-wt/mandat-atomarnaya-zapis-i-lint
/Users/ivanyakovlev/Documents/GitHub/disciplina	zahod/mandat-proizvoditsya-konvejerom-a-ne-pamyatyu	yes	0	0	yes	2026-09-04T15:19	/Users/ivanyakovlev/Documents/GitHub/disciplina-wt/mandat-proizvoditsya-konvejerom-a-ne-pamyatyu
/Users/ivanyakovlev/Documents/GitHub/disciplina	zahod/mandat-tolko-po-sobrannomu-sostavu	yes	0	0	yes	2026-09-23T13:17	/Users/ivanyakovlev/Documents/GitHub/disciplina-wt/mandat-tolko-po-sobrannomu-sostavu
/Users/ivanyakovlev/Documents/GitHub/disciplina	zahod/mashinnye-polya	yes	0	0	yes	2026-09-20T20:13	/Users/ivanyakovlev/Documents/GitHub/disciplina-wt/mashinnye-polya
/Users/ivanyakovlev/Documents/GitHub/disciplina	zahod/mest-zanyato-v-stroke-kruga	yes	0	0	yes	2026-09-23T11:49	/Users/ivanyakovlev/Documents/GitHub/disciplina-wt/mest-zanyato-v-stroke-kruga
/Users/ivanyakovlev/Documents/GitHub/disciplina	zahod/metka-dostavki-ot-kornya	no	n/a	n/a	yes	2026-09-23T02:05	/Users/ivanyakovlev/Documents/GitHub/disciplina-wt/metka-dostavki-ot-kornya
/Users/ivanyakovlev/Documents/GitHub/disciplina	zahod/minuty-kruga	yes	0	0	yes	2026-09-20T18:56	/Users/ivanyakovlev/Documents/GitHub/disciplina-wt/minuty-kruga
/Users/ivanyakovlev/Documents/GitHub/disciplina	zahod/monotonnost-zakona	yes	0	0	yes	2026-09-21T01:59	/Users/ivanyakovlev/Documents/GitHub/disciplina-wt/monotonnost-zakona
/Users/ivanyakovlev/Documents/GitHub/disciplina	zahod/mutaciya-zakona-zakrytiya	no	n/a	n/a	no	2026-09-24T00:56	/Users/ivanyakovlev/Documents/GitHub/disciplina-wt/mutaciya-zakona-zakrytiya
/Users/ivanyakovlev/Documents/GitHub/disciplina	zahod/nadzor-volny-iz-cowork	yes	0	0	yes	2026-09-23T11:00	/Users/ivanyakovlev/Documents/GitHub/disciplina-wt/nadzor-volny-iz-cowork
/Users/ivanyakovlev/Documents/GitHub/disciplina	zahod/opis-komponentov	yes	0	0	yes	2026-09-23T13:10	/Users/ivanyakovlev/Documents/GitHub/disciplina-wt/opis-komponentov
/Users/ivanyakovlev/Documents/GitHub/disciplina	zahod/ostatok-generatora	yes	0	0	yes	2026-08-25T23:28	/Users/ivanyakovlev/Documents/GitHub/disciplina-wt/ostatok-generatora
/Users/ivanyakovlev/Documents/GitHub/disciplina	zahod/pechat-imeni-ne-vyzov	no	n/a	n/a	yes	2026-09-23T00:00	/Users/ivanyakovlev/Documents/GitHub/disciplina-wt/pechat-imeni-ne-vyzov
/Users/ivanyakovlev/Documents/GitHub/disciplina	zahod/peredacha-golovy-odnoj-komandoj	yes	0	0	yes	2026-09-23T02:25	/Users/ivanyakovlev/Documents/GitHub/disciplina-wt/peredacha-golovy-odnoj-komandoj
/Users/ivanyakovlev/Documents/GitHub/disciplina	zahod/peredacha-ne-stiraet-ruchnoe	yes	0	0	no	2026-09-23T17:21	/Users/ivanyakovlev/Documents/GitHub/disciplina-wt/peredacha-ne-stiraet-ruchnoe
/Users/ivanyakovlev/Documents/GitHub/disciplina	zahod/peresud-k-zhivoj-forme	yes	0	0	yes	2026-09-21T15:27	/Users/ivanyakovlev/Documents/GitHub/disciplina-wt/peresud-k-zhivoj-forme
/Users/ivanyakovlev/Documents/GitHub/disciplina	zahod/perevod-workflow-obzor	yes	0	0	yes	2026-08-30T19:31	/Users/ivanyakovlev/Documents/GitHub/disciplina-wt/perevod-workflow-obzor
/Users/ivanyakovlev/Documents/GitHub/disciplina	zahod/perimetr-gejtov-skilly	yes	0	0	yes	2026-09-23T12:30	/Users/ivanyakovlev/Documents/GitHub/disciplina-wt/perimetr-gejtov-skilly
/Users/ivanyakovlev/Documents/GitHub/disciplina	zahod/plagin-md-hook-matcher	yes	0	0	no	2026-09-23T22:10	/Users/ivanyakovlev/Documents/GitHub/disciplina-wt/plagin-md-hook-matcher
/Users/ivanyakovlev/Documents/GitHub/disciplina	zahod/pochta-dver	no	n/a	n/a	no	2026-09-23T23:50	/Users/ivanyakovlev/Documents/GitHub/disciplina-wt/pochta-dver
/Users/ivanyakovlev/Documents/GitHub/disciplina	zahod/podmetanie-dvazhdy-za-volnu	yes	0	0	yes	2026-09-21T03:28	/Users/ivanyakovlev/Documents/GitHub/disciplina-wt/podmetanie-dvazhdy-za-volnu
/Users/ivanyakovlev/Documents/GitHub/disciplina	zahod/podmetanie-raz-na-volnu	yes	0	0	yes	2026-09-21T15:39	/Users/ivanyakovlev/Documents/GitHub/disciplina-wt/podmetanie-raz-na-volnu
/Users/ivanyakovlev/Documents/GitHub/disciplina	zahod/podyom-iz-osnovnogo-dereva	no	n/a	n/a	no	2026-09-24T05:44	/Users/ivanyakovlev/Documents/GitHub/disciplina-wt/podyom-iz-osnovnogo-dereva
/Users/ivanyakovlev/Documents/GitHub/disciplina	zahod/pokrytie-chtenie-i-klassifikaciya	no	n/a	n/a	yes	2026-09-17T12:05	/Users/ivanyakovlev/Documents/GitHub/disciplina-wt/pokrytie-chtenie-i-klassifikaciya
/Users/ivanyakovlev/Documents/GitHub/disciplina	zahod/pokrytie-geyt-i-schyotchik	no	n/a	n/a	yes	2026-09-17T12:32	/Users/ivanyakovlev/Documents/GitHub/disciplina-wt/pokrytie-geyt-i-schyotchik
/Users/ivanyakovlev/Documents/GitHub/disciplina	zahod/pole-zakryt-u-uroka	yes	0	0	yes	2026-09-21T14:51	/Users/ivanyakovlev/Documents/GitHub/disciplina-wt/pole-zakryt-u-uroka
/Users/ivanyakovlev/Documents/GitHub/disciplina	zahod/potok-3-skilly	yes	0	0	yes	2026-08-31T21:19	/Users/ivanyakovlev/Documents/GitHub/disciplina-wt/potok-3-skilly
/Users/ivanyakovlev/Documents/GitHub/disciplina	zahod/potok-4-vynos	yes	0	0	yes	2026-08-31T23:05	/Users/ivanyakovlev/Documents/GitHub/disciplina-wt/potok-4-vynos
/Users/ivanyakovlev/Documents/GitHub/disciplina	zahod/potok-zapuska-i-cena	yes	0	0	yes	2026-09-21T14:25	/Users/ivanyakovlev/Documents/GitHub/disciplina-wt/potok-zapuska-i-cena
/Users/ivanyakovlev/Documents/GitHub/disciplina	zahod/potolok-iz-mandata	yes	1	0	no	2026-09-23T01:35	/Users/ivanyakovlev/Documents/GitHub/disciplina-wt/potolok-iz-mandata
/Users/ivanyakovlev/Documents/GitHub/disciplina	zahod/pozitsiya-lyogkaya	yes	0	0	no	2026-09-23T21:51	/Users/ivanyakovlev/Documents/GitHub/disciplina-wt/pozitsiya-lyogkaya
/Users/ivanyakovlev/Documents/GitHub/disciplina	zahod/pre-commit-obhod-dveryu	yes	0	0	no	2026-09-23T17:03	/Users/ivanyakovlev/Documents/GitHub/disciplina-wt/pre-commit-obhod-dveryu
/Users/ivanyakovlev/Documents/GitHub/disciplina	zahod/pre-commit-odin-diff	yes	0	0	no	2026-09-23T22:33	/Users/ivanyakovlev/Documents/GitHub/disciplina-wt/pre-commit-odin-diff
/Users/ivanyakovlev/Documents/GitHub/disciplina	zahod/predlozhenie-yadra-skilla	yes	0	0	yes	2026-09-23T14:49	/Users/ivanyakovlev/Documents/GitHub/disciplina-wt/predlozhenie-yadra-skilla
/Users/ivanyakovlev/Documents/GitHub/disciplina	zahod/privyazka-golovy-k-huku	yes	0	0	yes	2026-09-06T16:25	/Users/ivanyakovlev/Documents/GitHub/disciplina-wt/privyazka-golovy-k-huku
/Users/ivanyakovlev/Documents/GitHub/disciplina	zahod/priyomka-cherez-priyomshchika	yes	0	0	no	2026-09-23T17:36	/Users/ivanyakovlev/Documents/GitHub/disciplina-wt/priyomka-cherez-priyomshchika
/Users/ivanyakovlev/Documents/GitHub/disciplina	zahod/priyomka-g3-g12-g14-vetka	no	n/a	n/a	yes	2026-09-20T08:45	
/Users/ivanyakovlev/Documents/GitHub/disciplina	zahod/priyomka-volny-5	yes	0	0	yes	2026-08-26T12:11	/Users/ivanyakovlev/Documents/GitHub/disciplina-wt/priyomka-volny-5
/Users/ivanyakovlev/Documents/GitHub/disciplina	zahod/priyomshchik-kak-rol	yes	0	0	yes	2026-09-21T01:06	/Users/ivanyakovlev/Documents/GitHub/disciplina-wt/priyomshchik-kak-rol
/Users/ivanyakovlev/Documents/GitHub/disciplina	zahod/produkt-a-ne-dvizhenie	yes	0	0	yes	2026-09-21T15:22	/Users/ivanyakovlev/Documents/GitHub/disciplina-wt/produkt-a-ne-dvizhenie
/Users/ivanyakovlev/Documents/GitHub/disciplina	zahod/puls-statusline	no	n/a	n/a	no	2026-09-23T18:08	/Users/ivanyakovlev/Documents/GitHub/disciplina-wt/puls-statusline
/Users/ivanyakovlev/Documents/GitHub/disciplina	zahod/puskovaya-tablica-komandoj	yes	0	0	yes	2026-09-21T01:23	/Users/ivanyakovlev/Documents/GitHub/disciplina-wt/puskovaya-tablica-komandoj
/Users/ivanyakovlev/Documents/GitHub/disciplina	zahod/pustoj-pul-sobytie	yes	0	0	yes	2026-09-21T08:55	/Users/ivanyakovlev/Documents/GitHub/disciplina-wt/pustoj-pul-sobytie
/Users/ivanyakovlev/Documents/GitHub/disciplina	zahod/puti-generator-i-linter	yes	0	0	yes	2026-09-23T14:24	/Users/ivanyakovlev/Documents/GitHub/disciplina-wt/puti-generator-i-linter
/Users/ivanyakovlev/Documents/GitHub/disciplina	zahod/puti-otnositelno-worktree	yes	0	0	yes	2026-09-17T11:38	/Users/ivanyakovlev/Documents/GitHub/disciplina-wt/puti-otnositelno-worktree
/Users/ivanyakovlev/Documents/GitHub/disciplina	zahod/razmetka-urokov-orkestratora	no	n/a	n/a	yes	2026-09-23T01:51	/Users/ivanyakovlev/Documents/GitHub/disciplina-wt/razmetka-urokov-orkestratora
/Users/ivanyakovlev/Documents/GitHub/disciplina	zahod/razrez-plan-lekcii-2	yes	0	0	yes	2026-08-27T02:19	/Users/ivanyakovlev/Documents/GitHub/disciplina-wt/razrez-plan-lekcii-2
/Users/ivanyakovlev/Documents/GitHub/disciplina	zahod/reestr-zdorovya-kanalov	yes	0	0	yes	2026-09-20T08:26	/Users/ivanyakovlev/Documents/GitHub/disciplina-wt/reestr-zdorovya-kanalov
/Users/ivanyakovlev/Documents/GitHub/disciplina	zahod/reestr-zhivosti-chto-meryaet	yes	0	0	yes	2026-09-21T03:36	/Users/ivanyakovlev/Documents/GitHub/disciplina-wt/reestr-zhivosti-chto-meryaet
/Users/ivanyakovlev/Documents/GitHub/disciplina	zahod/registraciya-pri-puske	yes	0	0	yes	2026-09-20T18:52	/Users/ivanyakovlev/Documents/GitHub/disciplina-wt/registraciya-pri-puske
/Users/ivanyakovlev/Documents/GitHub/disciplina	zahod/rezolver-fajl-v-skille	yes	0	0	yes	2026-09-23T01:14	/Users/ivanyakovlev/Documents/GitHub/disciplina-wt/rezolver-fajl-v-skille
/Users/ivanyakovlev/Documents/GitHub/disciplina	zahod/rol-subagenta-kontrakt	yes	0	0	no	2026-09-21T00:51	/Users/ivanyakovlev/Documents/GitHub/disciplina-wt/rol-subagenta-kontrakt
/Users/ivanyakovlev/Documents/GitHub/disciplina	zahod/roli-i-dver-brifa	yes	0	0	no	2026-09-17T11:01	/Users/ivanyakovlev/Documents/GitHub/disciplina-wt/roli-i-dver-brifa
/Users/ivanyakovlev/Documents/GitHub/disciplina	zahod/roli-po-kontraktu-i-kommiter	yes	0	0	yes	2026-09-21T05:17	/Users/ivanyakovlev/Documents/GitHub/disciplina-wt/roli-po-kontraktu-i-kommiter
/Users/ivanyakovlev/Documents/GitHub/disciplina	zahod/rychagi-illustracii-matematika-2	yes	0	0	yes	2026-08-27T02:38	/Users/ivanyakovlev/Documents/GitHub/disciplina-wt/rychagi-illustracii-matematika-2
/Users/ivanyakovlev/Documents/GitHub/disciplina	zahod/sborka-s4-s7	no	n/a	n/a	yes	2026-09-17T19:33	/Users/ivanyakovlev/Documents/GitHub/disciplina-wt/sborka-s4-s7
/Users/ivanyakovlev/Documents/GitHub/disciplina	zahod/sborshchik-chetyre-roli	yes	0	0	yes	2026-09-23T13:37	/Users/ivanyakovlev/Documents/GitHub/disciplina-wt/sborshchik-chetyre-roli
/Users/ivanyakovlev/Documents/GitHub/disciplina	zahod/sborshchik-i-vedushchij-porog-ostanovki-razvilki	yes	0	0	yes	2026-09-04T01:47	/Users/ivanyakovlev/Documents/GitHub/disciplina-wt/sborshchik-i-vedushchij-porog-ostanovki-razvilki
/Users/ivanyakovlev/Documents/GitHub/disciplina	zahod/schet-rychagov-i-rol-hod	no	n/a	n/a	yes	2026-09-23T01:53	/Users/ivanyakovlev/Documents/GitHub/disciplina-wt/schet-rychagov-i-rol-hod
/Users/ivanyakovlev/Documents/GitHub/disciplina	zahod/schetchik-bez-rychaga	yes	0	0	yes	2026-09-20T18:03	/Users/ivanyakovlev/Documents/GitHub/disciplina-wt/schetchik-bez-rychaga
/Users/ivanyakovlev/Documents/GitHub/disciplina	zahod/sdk-pilot	yes	0	0	no	2026-09-23T18:43	/Users/ivanyakovlev/Documents/GitHub/disciplina-wt/sdk-pilot
/Users/ivanyakovlev/Documents/GitHub/disciplina	zahod/skill-dajdzhest-dovodka	yes	0	0	yes	2026-08-26T02:39	/Users/ivanyakovlev/Documents/GitHub/disciplina-wt/skill-dajdzhest-dovodka
/Users/ivanyakovlev/Documents/GitHub/disciplina	zahod/skill-reserch-dovodka	yes	0	0	yes	2026-08-26T02:43	/Users/ivanyakovlev/Documents/GitHub/disciplina-wt/skill-reserch-dovodka
/Users/ivanyakovlev/Documents/GitHub/disciplina	zahod/sklejka-sajta-i-vhoda	yes	0	0	yes	2026-09-07T00:52	/Users/ivanyakovlev/Documents/GitHub/disciplina-wt/sklejka
/Users/ivanyakovlev/Documents/GitHub/disciplina	zahod/skvoznoj-progon	yes	0	0	yes	2026-08-25T23:48	/Users/ivanyakovlev/Documents/GitHub/disciplina-wt/skvoznoj-progon
/Users/ivanyakovlev/Documents/GitHub/disciplina	zahod/slabye-mesta	yes	0	0	yes	2026-09-23T13:41	/Users/ivanyakovlev/Documents/GitHub/disciplina-wt/slabye-mesta
/Users/ivanyakovlev/Documents/GitHub/disciplina	zahod/snimok-nazyvaet-avtora	yes	0	0	no	2026-09-21T09:08	/Users/ivanyakovlev/Documents/GitHub/disciplina-wt/snimok-nazyvaet-avtora
/Users/ivanyakovlev/Documents/GitHub/disciplina	zahod/snimok-nazyvaet-avtora-2	yes	0	0	yes	2026-09-21T16:13	/Users/ivanyakovlev/Documents/GitHub/disciplina-wt/snimok-nazyvaet-avtora-2
/Users/ivanyakovlev/Documents/GitHub/disciplina	zahod/sostav-mnozhestva-i-mandat	no	n/a	n/a	yes	2026-09-23T01:26	/Users/ivanyakovlev/Documents/GitHub/disciplina-wt/sostav-mnozhestva-i-mandat
/Users/ivanyakovlev/Documents/GitHub/disciplina	zahod/sostav-zhurnal-i-prichiny-po-id	no	n/a	n/a	yes	2026-09-17T17:22	/Users/ivanyakovlev/Documents/GitHub/disciplina-wt/sostav-zhurnal-i-prichiny-po-id
/Users/ivanyakovlev/Documents/GitHub/disciplina	zahod/sostav-zona-chuzhoj-volny	no	n/a	n/a	yes	2026-09-23T11:52	/Users/ivanyakovlev/Documents/GitHub/disciplina-wt/sostav-zona-chuzhoj-volny
/Users/ivanyakovlev/Documents/GitHub/disciplina	zahod/sovet-pri-sborke-zahoda	yes	0	0	yes	2026-09-21T05:21	/Users/ivanyakovlev/Documents/GitHub/disciplina-wt/sovet-pri-sborke-zahoda
/Users/ivanyakovlev/Documents/GitHub/disciplina	zahod/srok-voskresheniya-parametrom	yes	0	0	yes	2026-09-21T16:39	/Users/ivanyakovlev/Documents/GitHub/disciplina-wt/srok-voskresheniya-parametrom
/Users/ivanyakovlev/Documents/GitHub/disciplina	zahod/stroka-kruga-polya	no	n/a	n/a	no	2026-09-23T17:26	/Users/ivanyakovlev/Documents/GitHub/disciplina-wt/stroka-kruga-polya
/Users/ivanyakovlev/Documents/GitHub/disciplina	zahod/sudit-urok	yes	0	0	yes	2026-09-20T17:42	/Users/ivanyakovlev/Documents/GitHub/disciplina-wt/sudit-urok
/Users/ivanyakovlev/Documents/GitHub/disciplina	zahod/sudya-ne-perepisyvaet-cheloveka	no	n/a	n/a	no	2026-09-17T19:12	/Users/ivanyakovlev/Documents/GitHub/disciplina-wt/sudya-ne-perepisyvaet-cheloveka
/Users/ivanyakovlev/Documents/GitHub/disciplina	zahod/svedenie-uzlov-1	yes	0	0	yes	2026-09-23T13:36	/Users/ivanyakovlev/Documents/GitHub/disciplina-wt/svedenie-uzlov-1
/Users/ivanyakovlev/Documents/GitHub/disciplina	zahod/svedenie-uzlov-2	no	n/a	n/a	yes	2026-09-23T14:07	/Users/ivanyakovlev/Documents/GitHub/disciplina-wt/svedenie-uzlov-2
/Users/ivanyakovlev/Documents/GitHub/disciplina	zahod/svedenie-uzlov-3	yes	0	0	yes	2026-09-23T14:55	/Users/ivanyakovlev/Documents/GitHub/disciplina-wt/svedenie-uzlov-3
/Users/ivanyakovlev/Documents/GitHub/disciplina	zahod/svedenie-uzlov-4	no	n/a	n/a	no	2026-09-24T02:59	/Users/ivanyakovlev/Documents/GitHub/disciplina-wt/svedenie-uzlov-4
/Users/ivanyakovlev/Documents/GitHub/disciplina	zahod/sverka-otchyota-s-diskom	yes	0	0	yes	2026-09-21T04:50	/Users/ivanyakovlev/Documents/GitHub/disciplina-wt/sverka-otchyota-s-diskom
/Users/ivanyakovlev/Documents/GitHub/disciplina	zahod/svyaz-cepi	yes	0	0	yes	2026-09-20T20:44	/Users/ivanyakovlev/Documents/GitHub/disciplina-wt/svyaz-cepi
/Users/ivanyakovlev/Documents/GitHub/disciplina	zahod/svyaz-cepi-reestr	yes	0	0	yes	2026-09-21T00:47	/Users/ivanyakovlev/Documents/GitHub/disciplina-wt/svyaz-cepi-reestr
/Users/ivanyakovlev/Documents/GitHub/disciplina	zahod/tekst-zadachi-u-kazhdoj-temy	yes	0	0	yes	2026-09-21T14:38	/Users/ivanyakovlev/Documents/GitHub/disciplina-wt/tekst-zadachi-u-kazhdoj-temy
/Users/ivanyakovlev/Documents/GitHub/disciplina	zahod/tip-i-dom-mashinoj	yes	0	0	yes	2026-09-21T02:38	/Users/ivanyakovlev/Documents/GitHub/disciplina-wt/tip-i-dom-mashinoj
/Users/ivanyakovlev/Documents/GitHub/disciplina	zahod/tipologiya-urokov	yes	0	0	yes	2026-09-20T16:38	/Users/ivanyakovlev/Documents/GitHub/disciplina-wt/tipologiya-urokov
/Users/ivanyakovlev/Documents/GitHub/disciplina	zahod/tyazhelaya-po-odnoj	no	n/a	n/a	no	2026-09-23T20:33	/Users/ivanyakovlev/Documents/GitHub/disciplina-wt/tyazhelaya-po-odnoj
/Users/ivanyakovlev/Documents/GitHub/disciplina	zahod/uzel-f0-mandat	no	n/a	n/a	no	2026-09-24T01:04	/Users/ivanyakovlev/Documents/GitHub/disciplina-wt/uzel-f0-mandat
/Users/ivanyakovlev/Documents/GitHub/disciplina	zahod/uzel-f0-sborka	no	n/a	n/a	yes	2026-09-23T04:24	/Users/ivanyakovlev/Documents/GitHub/disciplina-wt/uzel-f0-sborka
/Users/ivanyakovlev/Documents/GitHub/disciplina	zahod/uzel-f0-sostav	no	n/a	n/a	yes	2026-09-23T03:35	/Users/ivanyakovlev/Documents/GitHub/disciplina-wt/uzel-f0-sostav
/Users/ivanyakovlev/Documents/GitHub/disciplina	zahod/uzel-f0-sostav-2	no	n/a	n/a	no	2026-09-23T20:44	/Users/ivanyakovlev/Documents/GitHub/disciplina-wt/uzel-f0-sostav-2
/Users/ivanyakovlev/Documents/GitHub/disciplina	zahod/uzel-f0-zahod	yes	0	0	yes	2026-09-23T05:42	/Users/ivanyakovlev/Documents/GitHub/disciplina-wt/uzel-f0-zahod
/Users/ivanyakovlev/Documents/GitHub/disciplina	zahod/uzel-f0-zahod-2	yes	0	0	no	2026-09-23T23:03	/Users/ivanyakovlev/Documents/GitHub/disciplina-wt/uzel-f0-zahod-2
/Users/ivanyakovlev/Documents/GitHub/disciplina	zahod/uzel-f2-worktree	no	n/a	n/a	yes	2026-09-23T06:46	/Users/ivanyakovlev/Documents/GitHub/disciplina-wt/uzel-f2-worktree
/Users/ivanyakovlev/Documents/GitHub/disciplina	zahod/uzel-f2-zadanie	yes	0	0	yes	2026-09-23T13:44	/Users/ivanyakovlev/Documents/GitHub/disciplina-wt/uzel-f2-zadanie
/Users/ivanyakovlev/Documents/GitHub/disciplina	zahod/uzel-f3-gigiena	yes	0	0	yes	2026-09-23T09:50	/Users/ivanyakovlev/Documents/GitHub/disciplina-wt/uzel-f3-gigiena
/Users/ivanyakovlev/Documents/GitHub/disciplina	zahod/uzel-f3-kruglinia	no	n/a	n/a	yes	2026-09-23T07:22	/Users/ivanyakovlev/Documents/GitHub/disciplina-wt/uzel-f3-kruglinia
/Users/ivanyakovlev/Documents/GitHub/disciplina	zahod/uzel-f3-processy	yes	0	0	yes	2026-09-23T12:12	/Users/ivanyakovlev/Documents/GitHub/disciplina-wt/uzel-f3-processy
/Users/ivanyakovlev/Documents/GitHub/disciplina	zahod/uzel-f4-vyzhimka	yes	0	0	no	2026-09-24T03:27	/Users/ivanyakovlev/Documents/GitHub/disciplina-wt/uzel-f4-vyzhimka
/Users/ivanyakovlev/Documents/GitHub/disciplina	zahod/uzel-f5-konvejer	no	n/a	n/a	yes	2026-09-23T13:19	/Users/ivanyakovlev/Documents/GitHub/disciplina-wt/uzel-f5-konvejer
/Users/ivanyakovlev/Documents/GitHub/disciplina	zahod/uzel-f5-nezakrytoe	no	n/a	n/a	yes	2026-09-23T12:58	/Users/ivanyakovlev/Documents/GitHub/disciplina-wt/uzel-f5-nezakrytoe
/Users/ivanyakovlev/Documents/GitHub/disciplina	zahod/uzel-f5-zakon	yes	0	0	yes	2026-09-23T10:40	/Users/ivanyakovlev/Documents/GitHub/disciplina-wt/uzel-f5-zakon
/Users/ivanyakovlev/Documents/GitHub/disciplina	zahod/uzel-f5-zakon-2	yes	1	0	no	2026-09-23T17:40	/Users/ivanyakovlev/Documents/GitHub/disciplina-wt/uzel-f5-zakon-2
/Users/ivanyakovlev/Documents/GitHub/disciplina	zahod/uzel-f6-dostavka	yes	0	0	yes	2026-09-23T08:11	/Users/ivanyakovlev/Documents/GitHub/disciplina-wt/uzel-f6-dostavka
/Users/ivanyakovlev/Documents/GitHub/disciplina	zahod/uzel-f7-hook	yes	0	0	yes	2026-09-23T10:12	/Users/ivanyakovlev/Documents/GitHub/disciplina-wt/uzel-f7-hook
/Users/ivanyakovlev/Documents/GitHub/disciplina	zahod/uzel-f7-podklyuchen	yes	0	0	yes	2026-09-23T11:53	/Users/ivanyakovlev/Documents/GitHub/disciplina-wt/uzel-f7-podklyuchen
/Users/ivanyakovlev/Documents/GitHub/disciplina	zahod/uzel-f7-registraciya	no	n/a	n/a	yes	2026-09-23T09:01	/Users/ivanyakovlev/Documents/GitHub/disciplina-wt/uzel-f7-registraciya
/Users/ivanyakovlev/Documents/GitHub/disciplina	zahod/uzel-f7-registraciya-2	no	n/a	n/a	no	2026-09-23T21:17	/Users/ivanyakovlev/Documents/GitHub/disciplina-wt/uzel-f7-registraciya-2
/Users/ivanyakovlev/Documents/GitHub/disciplina	zahod/uzel-f7-sessiya	yes	0	0	yes	2026-09-23T08:36	/Users/ivanyakovlev/Documents/GitHub/disciplina-wt/uzel-f7-sessiya
/Users/ivanyakovlev/Documents/GitHub/disciplina	zahod/uzel-f7-sessiya-2	yes	0	0	no	2026-09-24T01:47	/Users/ivanyakovlev/Documents/GitHub/disciplina-wt/uzel-f7-sessiya-2
/Users/ivanyakovlev/Documents/GitHub/disciplina	zahod/uzel-f7-stend	yes	0	0	no	2026-09-23T20:35	/Users/ivanyakovlev/Documents/GitHub/disciplina-wt/uzel-f7-stend
/Users/ivanyakovlev/Documents/GitHub/disciplina	zahod/uzel-fa-pesochnica	yes	0	0	yes	2026-09-23T12:13	/Users/ivanyakovlev/Documents/GitHub/disciplina-wt/uzel-fa-pesochnica
/Users/ivanyakovlev/Documents/GitHub/disciplina	zahod/uzel-fa-razvedka	yes	0	0	yes	2026-09-23T09:23	/Users/ivanyakovlev/Documents/GitHub/disciplina-wt/uzel-fa-razvedka
/Users/ivanyakovlev/Documents/GitHub/disciplina	zahod/uzel-fa-roli	yes	0	0	no	2026-09-24T01:09	/Users/ivanyakovlev/Documents/GitHub/disciplina-wt/uzel-fa-roli
/Users/ivanyakovlev/Documents/GitHub/disciplina	zahod/ves-bez-obhoda-istorii	no	n/a	n/a	no	2026-09-23T21:56	/Users/ivanyakovlev/Documents/GitHub/disciplina-wt/ves-bez-obhoda-istorii
/Users/ivanyakovlev/Documents/GitHub/disciplina	zahod/vyhod-s-ozhidaniem	no	n/a	n/a	yes	2026-09-23T01:50	/Users/ivanyakovlev/Documents/GitHub/disciplina-wt/vyhod-s-ozhidaniem
/Users/ivanyakovlev/Documents/GitHub/disciplina	zahod/vyvoz-311-kommitov	yes	0	0	yes	2026-09-21T13:57	/Users/ivanyakovlev/Documents/GitHub/disciplina-wt/vyvoz-311-kommitov
/Users/ivanyakovlev/Documents/GitHub/disciplina	zahod/vyvoz-bez-chuzhoj-istorii	no	n/a	n/a	no	2026-09-23T18:28	/Users/ivanyakovlev/Documents/GitHub/disciplina-wt/vyvoz-bez-chuzhoj-istorii
/Users/ivanyakovlev/Documents/GitHub/disciplina	zahod/vyvoz-i-nadgrobiya	no	n/a	n/a	yes	2026-09-22T23:14	/Users/ivanyakovlev/Documents/GitHub/disciplina-wt/vyvoz-i-nadgrobiya
/Users/ivanyakovlev/Documents/GitHub/disciplina	zahod/workflow-lekcia	yes	0	0	yes	2026-08-26T02:40	/Users/ivanyakovlev/Documents/GitHub/disciplina-wt/workflow-lekcia
/Users/ivanyakovlev/Documents/GitHub/disciplina	zahod/yashchik-golovy	no	n/a	n/a	no	2026-09-23T18:19	/Users/ivanyakovlev/Documents/GitHub/disciplina-wt/yashchik-golovy
/Users/ivanyakovlev/Documents/GitHub/disciplina	zahod/zadanie-subagentu-bez-protivorechij	yes	0	0	no	2026-09-23T20:13	/Users/ivanyakovlev/Documents/GitHub/disciplina-wt/zadanie-subagentu-bez-protivorechij
/Users/ivanyakovlev/Documents/GitHub/disciplina	zahod/zakon-fixture-starye-lovushki	yes	0	0	yes	2026-09-21T06:16	/Users/ivanyakovlev/Documents/GitHub/disciplina-wt/zakon-fixture-starye-lovushki
/Users/ivanyakovlev/Documents/GitHub/disciplina	zahod/zakon-nahodki	yes	0	0	yes	2026-09-23T15:22	/Users/ivanyakovlev/Documents/GitHub/disciplina-wt/zakon-nahodki
/Users/ivanyakovlev/Documents/GitHub/disciplina	zahod/zakon-zakrytiya-ohvat-i-uslovie-g	no	n/a	n/a	yes	2026-09-17T17:33	/Users/ivanyakovlev/Documents/GitHub/disciplina-wt/zakon-zakrytiya-ohvat-i-uslovie-g
/Users/ivanyakovlev/Documents/GitHub/disciplina	zahod/zakon-zakrytiya-perepisan-i-sudit-sebya	no	n/a	n/a	yes	2026-09-06T22:02	
/Users/ivanyakovlev/Documents/GitHub/disciplina	zahod/zakon-zakrytiya-stend	yes	0	0	yes	2026-09-23T13:52	/Users/ivanyakovlev/Documents/GitHub/disciplina-wt/zakon-zakrytiya-stend
/Users/ivanyakovlev/Documents/GitHub/disciplina	zahod/zakon-zakrytiya-volna-14-orkestrator-ne-lomaetsya	yes	0	0	yes	2026-09-06T23:51	/Users/ivanyakovlev/Documents/GitHub/disciplina-wt/zakon-zakrytiya-volna-14
/Users/ivanyakovlev/Documents/GitHub/disciplina	zahod/zakon-zakrytiya-volna-8-zakrytie-zony	yes	0	0	no	2026-09-24T04:01	/Users/ivanyakovlev/Documents/GitHub/disciplina-wt/zakon-zakrytiya-volna-8-zakrytie-zony
/Users/ivanyakovlev/Documents/GitHub/disciplina	zahod/zamer-mashiny	no	n/a	n/a	no	2026-09-23T20:02	/Users/ivanyakovlev/Documents/GitHub/disciplina-wt/zamer-mashiny
/Users/ivanyakovlev/Documents/GitHub/disciplina	zahod/zhdat-do-karantina	yes	0	0	yes	2026-09-21T04:42	/Users/ivanyakovlev/Documents/GitHub/disciplina-wt/zhdat-do-karantina
/Users/ivanyakovlev/Documents/GitHub/disciplina	zahod/zhivost-modeli-dovozit-a-ne-otvechaet	no	n/a	n/a	no	2026-09-06T22:08	
/Users/ivanyakovlev/Documents/GitHub/disciplina	zahod/zhivost-porog-i-posledovatelno	no	n/a	n/a	yes	2026-09-17T12:47	/Users/ivanyakovlev/Documents/GitHub/disciplina-wt/zhivost-porog-i-posledovatelno
/Users/ivanyakovlev/Documents/GitHub/london-avgust-2026	main	no	n/a	n/a	n/a	2026-09-18T00:01	/Users/ivanyakovlev/Documents/GitHub/london-avgust-2026
/Users/ivanyakovlev/Documents/GitHub/london-avgust-2026	pages	no	n/a	n/a	n/a	2026-08-21T23:48	
/Users/ivanyakovlev/Documents/GitHub/london-avgust-2026	zahod/deploy	no	n/a	n/a	n/a	2026-08-22T23:17	
/Users/ivanyakovlev/Documents/GitHub/london-avgust-2026	zahod/planirovshchik	no	n/a	n/a	n/a	2026-08-21T22:38	
/Users/ivanyakovlev/Documents/GitHub/london-avgust-2026	zahod/vkladki	no	n/a	n/a	n/a	2026-08-21T23:31	
/Users/ivanyakovlev/Documents/GitHub/matema-fest	main	yes	0	0	yes	2026-09-17T23:49	/Users/ivanyakovlev/Documents/GitHub/matema-fest
/Users/ivanyakovlev/Documents/GitHub/matemdigest-map	main	yes	0	0	yes	2026-08-17T20:50	
/Users/ivanyakovlev/Documents/GitHub/matemdigest-map	rabota	no	n/a	n/a	no	2026-09-17T23:57	/Users/ivanyakovlev/Documents/GitHub/matemdigest-map
/Users/ivanyakovlev/Documents/GitHub/matemdigest-map	zahod/stil-noch	no	n/a	n/a	no	2026-08-20T03:18	/Users/ivanyakovlev/Documents/GitHub/matemdigest-map-wt/stil-noch
/Users/ivanyakovlev/Documents/GitHub/materials	arka/katalog-kursa	yes	0	0	no	2026-09-19T13:57	
/Users/ivanyakovlev/Documents/GitHub/materials	arka/mat-kostyak	yes	0	0	no	2026-09-24T17:37	/Users/ivanyakovlev/Documents/GitHub/materials
/Users/ivanyakovlev/Documents/GitHub/materials	arka/obzor-funkciya-putey	no	n/a	n/a	no	2026-08-25T01:33	/Users/ivanyakovlev/Documents/GitHub/materials-wt/obzor-funkciya-putey
/Users/ivanyakovlev/Documents/GitHub/materials	main	no	n/a	n/a	yes	2026-09-14T17:22	
/Users/ivanyakovlev/Documents/GitHub/materials	zahod/chistka-hvostov	no	n/a	n/a	no	2026-08-16T16:26	/Users/ivanyakovlev/Documents/GitHub/materials-wt/chistka-hvostov
/Users/ivanyakovlev/Documents/GitHub/materials	zahod/dobivka-dolgov	no	n/a	n/a	no	2026-08-16T05:59	/Users/ivanyakovlev/Documents/GitHub/materials-wt/dobivka-dolgov
/Users/ivanyakovlev/Documents/GitHub/materials	zahod/dovodka-fazy-intervyu	yes	0	0	no	2026-08-05T14:05	
/Users/ivanyakovlev/Documents/GitHub/materials	zahod/dovodka-solvera	yes	0	0	no	2026-08-15T03:55	/Users/ivanyakovlev/Documents/GitHub/materials-wt/dovodka-solvera
/Users/ivanyakovlev/Documents/GitHub/materials	zahod/graf-korpusa	no	n/a	n/a	no	2026-09-19T01:37	
/Users/ivanyakovlev/Documents/GitHub/materials	zahod/kadr-uzor-i-vmeshchenie	no	n/a	n/a	no	2026-08-15T19:13	/Users/ivanyakovlev/Documents/GitHub/materials-wt/kadr-uzor-i-vmeshchenie
/Users/ivanyakovlev/Documents/GitHub/materials	zahod/konsolidaciya-korpusa	no	n/a	n/a	no	2026-09-19T01:16	
/Users/ivanyakovlev/Documents/GitHub/materials	zahod/modeli-arn	yes	0	0	no	2026-08-11T15:55	/Users/ivanyakovlev/Documents/GitHub/materials-wt/modeli
/Users/ivanyakovlev/Documents/GitHub/materials	zahod/obratnyj-progon	yes	0	0	no	2026-08-07T22:46	/Users/ivanyakovlev/Documents/GitHub/materials-wt/obratnyj-progon
/Users/ivanyakovlev/Documents/GitHub/materials	zahod/perepis-diska	yes	1	1	no	2026-09-25T00:14	/Users/ivanyakovlev/Documents/GitHub/materials-wt/perepis-diska
/Users/ivanyakovlev/Documents/GitHub/materials	zahod/polya-i-uzor	yes	0	0	no	2026-08-15T03:54	/Users/ivanyakovlev/Documents/GitHub/materials-wt/polya-i-uzor
/Users/ivanyakovlev/Documents/GitHub/materials	zahod/proba-podnyat-volnu-samotest	no	n/a	n/a	no	2026-09-19T01:17	
/Users/ivanyakovlev/Documents/GitHub/materials	zahod/reserch-russkie-kruzhki	no	n/a	n/a	no	2026-09-14T00:04	/Users/ivanyakovlev/Documents/GitHub/materials-wt/reserch-russkie-kruzhki
/Users/ivanyakovlev/Documents/GitHub/materials	zahod/sajt-cveta-i-setka	yes	0	0	no	2026-09-14T12:17	/Users/ivanyakovlev/Documents/GitHub/materials-wt/sajt-cveta-i-setka
/Users/ivanyakovlev/Documents/GitHub/materials	zahod/sluzhebnye-slajdy	no	n/a	n/a	no	2026-08-15T15:20	/Users/ivanyakovlev/Documents/GitHub/materials-wt/sluzhebnye-slajdy
/Users/ivanyakovlev/Documents/GitHub/materials	zahod/solver-v3-dyhanie	yes	0	0	no	2026-08-07T23:38	/Users/ivanyakovlev/Documents/GitHub/materials-wt/solver-v3-dyhanie
/Users/ivanyakovlev/Documents/GitHub/materials	zahod/uborka-pered-pauzoj	no	n/a	n/a	no	2026-08-15T03:25	
/Users/ivanyakovlev/Documents/GitHub/materials	zahod/vlit-i-uspokoitsya	no	n/a	n/a	no	2026-08-16T13:08	/Users/ivanyakovlev/Documents/GitHub/materials-wt/vlit-i-uspokoitsya
/Users/ivanyakovlev/Documents/GitHub/materials	zahod/vlitie-i-vitrina-kursa	no	n/a	n/a	no	2026-08-16T02:50	/Users/ivanyakovlev/Documents/GitHub/materials-wt/vlitie-i-vitrina-kursa
/Users/ivanyakovlev/Documents/GitHub/materials/carshering/carsharing_archive	master	no	n/a	n/a	n/a	2026-06-25T16:00	/Users/ivanyakovlev/Documents/GitHub/materials/carshering/carsharing_archive
/Users/ivanyakovlev/Documents/GitHub/matproekty-179-stranica	main	yes	0	0	yes	2026-09-18T23:38	/Users/ivanyakovlev/Documents/GitHub/matproekty-179-stranica
/Users/ivanyakovlev/Documents/GitHub/matproekty-179	main	yes	2	0	no	2026-09-20T23:51	
/Users/ivanyakovlev/Documents/GitHub/matproekty-179	zahod/nepodtverzhdennye	yes	0	0	no	2026-09-20T23:51	/Users/ivanyakovlev/Documents/GitHub/matproekty-179
/Users/ivanyakovlev/Documents/GitHub/matproekty-179	zahod/privatnost-monorepo	yes	0	0	yes	2026-09-20T21:34	
/Users/ivanyakovlev/Documents/GitHub/matproekty-179	zahod/svodka-po-rukovoditelyam	yes	0	0	yes	2026-09-20T23:38	
/Users/ivanyakovlev/Documents/GitHub/matproekty-179	zahod/uvedomlenie-shkolnika	yes	0	0	yes	2026-09-20T19:06	
/Users/ivanyakovlev/Documents/GitHub/moskva	main	yes	0	7	yes	2026-09-24T16:09	/Users/ivanyakovlev/Documents/GitHub/moskva
/Users/ivanyakovlev/Documents/GitHub/moskva	zahod/kartochki-koridora	yes	0	0	yes	2026-09-08T20:22	
/Users/ivanyakovlev/Documents/GitHub/spetsmat-bot	listki-kak-baza-zadach	no	n/a	n/a	yes	2026-09-07T13:43	/Users/ivanyakovlev/Documents/GitHub/spetsmat-bot-wt/listki-kak-baza-zadach
/Users/ivanyakovlev/Documents/GitHub/spetsmat-bot	main	yes	0	0	yes	2026-09-24T16:25	/Users/ivanyakovlev/Documents/GitHub/spetsmat-bot
/Users/ivanyakovlev/Documents/GitHub/spetsmat-bot	pravka/admin-svoyo	no	n/a	n/a	yes	2026-09-07T12:51	/Users/ivanyakovlev/Documents/GitHub/spetsmat-bot-wt/admin-svoyo
/Users/ivanyakovlev/Documents/GitHub/spetsmat-bot	pravka/kabinet-na-den	no	n/a	n/a	yes	2026-09-07T12:38	/Users/ivanyakovlev/Documents/GitHub/spetsmat-bot-wt/kabinet-na-den
/Users/ivanyakovlev/Documents/GitHub/spetsmat-bot	pravka/konduit-shirina	no	n/a	n/a	yes	2026-09-07T11:56	/Users/ivanyakovlev/Documents/GitHub/spetsmat-bot-wt/konduit-shirina
/Users/ivanyakovlev/Documents/GitHub/spetsmat-bot	pravka/konduit-vid	no	n/a	n/a	yes	2026-09-07T11:45	/Users/ivanyakovlev/Documents/GitHub/spetsmat-bot-wt/konduit-vid
/Users/ivanyakovlev/Documents/GitHub/spetsmat-bot	pravka/lichnoe-v-kartochke	no	n/a	n/a	yes	2026-09-07T12:37	/Users/ivanyakovlev/Documents/GitHub/spetsmat-bot-wt/lichnoe-v-kartochke
/Users/ivanyakovlev/Documents/GitHub/spetsmat-bot	pravka/moi-stroki	no	n/a	n/a	yes	2026-09-07T12:56	/Users/ivanyakovlev/Documents/GitHub/spetsmat-bot-wt/moi-stroki
/Users/ivanyakovlev/Documents/GitHub/spetsmat-bot	pravka/oblozhka-listok	no	n/a	n/a	yes	2026-09-07T11:30	/Users/ivanyakovlev/Documents/GitHub/spetsmat-bot-wt/oblozhka-listok
/Users/ivanyakovlev/Documents/GitHub/spetsmat-bot	sklejka-vhoda-s-serverom	no	n/a	n/a	yes	2026-09-03T23:56	/Users/ivanyakovlev/Documents/GitHub/spetsmat-bot-wt/sklejka-vhoda-s-serverom
/Users/ivanyakovlev/Documents/GitHub/spetsmat-bot	veb-priyom-zadach	no	n/a	n/a	yes	2026-09-07T15:21	/Users/ivanyakovlev/Documents/GitHub/spetsmat-bot-wt/veb-priyom-zadach
/Users/ivanyakovlev/Documents/GitHub/spetsmat-bot	veb-raspredelenie-mvp	no	n/a	n/a	yes	2026-09-03T23:19	/Users/ivanyakovlev/Documents/GitHub/spetsmat-bot-wt/veb-raspredelenie-mvp
/Users/ivanyakovlev/Documents/GitHub/spetsmat-bot	veb-vhod-i-obshchee-sostoyanie	no	n/a	n/a	yes	2026-09-03T23:32	/Users/ivanyakovlev/Documents/GitHub/spetsmat-bot-wt/veb-vhod-i-obshchee-sostoyanie
/Users/ivanyakovlev/Documents/GitHub/spetsmat-bot	volna-b-server	no	n/a	n/a	no	2026-09-23T06:41	/Users/ivanyakovlev/Documents/GitHub/spetsmat-bot-wt/volna-b-server
/Users/ivanyakovlev/Documents/GitHub/spetsmat-bot	volna17-bekapy	no	n/a	n/a	yes	2026-09-21T21:12	/Users/ivanyakovlev/Documents/GitHub/spetsmat-bot-wt/bekapy
/Users/ivanyakovlev/Documents/GitHub/spetsmat-bot	volna17-drawio	no	n/a	n/a	yes	2026-09-21T18:11	/Users/ivanyakovlev/Documents/GitHub/spetsmat-bot-wt/drawio
/Users/ivanyakovlev/Documents/GitHub/spetsmat-bot	volna17-listok17alef	no	n/a	n/a	yes	2026-09-21T15:00	/Users/ivanyakovlev/Documents/GitHub/spetsmat-bot-wt/listok17alef
/Users/ivanyakovlev/Documents/GitHub/spetsmat-bot	volna17-reestr	no	n/a	n/a	yes	2026-09-21T15:00	/Users/ivanyakovlev/Documents/GitHub/spetsmat-bot-wt/reestr-sajta
/Users/ivanyakovlev/Documents/GitHub/spetsmat-bot	volna17-rovno	no	n/a	n/a	yes	2026-09-21T19:03	/Users/ivanyakovlev/Documents/GitHub/spetsmat-bot-wt/rovno
/Users/ivanyakovlev/Documents/GitHub/spetsmat-bot	volna17-sreda	no	n/a	n/a	yes	2026-09-21T21:39	/Users/ivanyakovlev/Documents/GitHub/spetsmat-bot-wt/sreda
/Users/ivanyakovlev/Documents/GitHub/spetsmat-bot	vykatka-tunnel-i-storozh	no	n/a	n/a	yes	2026-09-03T23:21	/Users/ivanyakovlev/Documents/GitHub/spetsmat-bot-wt/vykatka-tunnel-i-storozh
/Users/ivanyakovlev/Documents/GitHub/spetsmat-bot	zahod/B1-test-organizator	no	n/a	n/a	yes	2026-09-23T00:35	/Users/ivanyakovlev/Documents/GitHub/spetsmat-bot-wt/B1-test-organizator
/Users/ivanyakovlev/Documents/GitHub/spetsmat-bot	zahod/B1-v14-vid	yes	0	0	no	2026-09-23T01:43	/Users/ivanyakovlev/Documents/GitHub/spetsmat-bot-wt/B1-v14-vid
/Users/ivanyakovlev/Documents/GitHub/spetsmat-bot	zahod/B1-v21-konduit	yes	0	0	yes	2026-09-23T01:04	/Users/ivanyakovlev/Documents/GitHub/spetsmat-bot-wt/B1-v21-konduit
/Users/ivanyakovlev/Documents/GitHub/spetsmat-bot	zahod/B2-v10-ochered	no	n/a	n/a	yes	2026-09-23T05:15	/Users/ivanyakovlev/Documents/GitHub/spetsmat-bot-wt/B2-v10-ochered
/Users/ivanyakovlev/Documents/GitHub/spetsmat-bot	zahod/C-4d-ubrat	yes	0	0	yes	2026-09-23T17:34	/Users/ivanyakovlev/Documents/GitHub/spetsmat-bot-wt/C-4d-ubrat
/Users/ivanyakovlev/Documents/GitHub/spetsmat-bot	zahod/C-kabinet-shkolnika	yes	0	0	yes	2026-09-23T18:56	/Users/ivanyakovlev/Documents/GitHub/spetsmat-bot-wt/C-kabinet-shkolnika
/Users/ivanyakovlev/Documents/GitHub/spetsmat-bot	zahod/C-urok-raspredelenie	yes	0	0	yes	2026-09-24T00:47	/Users/ivanyakovlev/Documents/GitHub/spetsmat-bot-wt/C-urok-raspredelenie
/Users/ivanyakovlev/Documents/GitHub/spetsmat-bot	zahod/C-v1-zapis	yes	0	0	yes	2026-09-23T21:56	/Users/ivanyakovlev/Documents/GitHub/spetsmat-bot-wt/C-v1-zapis
/Users/ivanyakovlev/Documents/GitHub/spetsmat-bot	zahod/C-v5-odno-okno	no	n/a	n/a	yes	2026-09-23T23:04	/Users/ivanyakovlev/Documents/GitHub/spetsmat-bot-wt/C-v5-odno-okno
/Users/ivanyakovlev/Documents/GitHub/spetsmat-bot	zahod/P1-yadro	no	n/a	n/a	yes	2026-09-02T09:32	/Users/ivanyakovlev/Documents/GitHub/spetsmat-bot-wt/P1-yadro
/Users/ivanyakovlev/Documents/GitHub/spetsmat-bot	zahod/P16-eksport	no	n/a	n/a	yes	2026-09-02T16:15	/Users/ivanyakovlev/Documents/GitHub/spetsmat-bot-wt/P16-eksport
/Users/ivanyakovlev/Documents/GitHub/spetsmat-bot	zahod/P17-konstanty	no	n/a	n/a	yes	2026-09-02T14:24	/Users/ivanyakovlev/Documents/GitHub/spetsmat-bot-wt/P17-konstanty
/Users/ivanyakovlev/Documents/GitHub/spetsmat-bot	zahod/R1-foto	no	n/a	n/a	yes	2026-09-03T00:53	/Users/ivanyakovlev/Documents/GitHub/spetsmat-bot-wt/R1-foto
/Users/ivanyakovlev/Documents/GitHub/spetsmat-bot	zahod/R2-slovar	no	n/a	n/a	yes	2026-09-02T23:17	/Users/ivanyakovlev/Documents/GitHub/spetsmat-bot-wt/R2-slovar
/Users/ivanyakovlev/Documents/GitHub/spetsmat-bot	zahod/R3-istochniki	no	n/a	n/a	yes	2026-09-02T20:37	/Users/ivanyakovlev/Documents/GitHub/spetsmat-bot-wt/R3-istochniki
/Users/ivanyakovlev/Documents/GitHub/spetsmat-bot	zahod/S1-slot-i-routy	no	n/a	n/a	yes	2026-09-04T18:13	/Users/ivanyakovlev/Documents/GitHub/spetsmat-bot-wt/S1-slot-i-routy
/Users/ivanyakovlev/Documents/GitHub/spetsmat-bot	zahod/TEST-uchitel	yes	0	0	yes	2026-09-22T21:31	/Users/ivanyakovlev/Documents/GitHub/spetsmat-bot-wt/TEST-uchitel
/Users/ivanyakovlev/Documents/GitHub/spetsmat-bot	zahod/V0-sekrety	no	n/a	n/a	yes	2026-09-22T20:55	/Users/ivanyakovlev/Documents/GitHub/spetsmat-bot-wt/V0-sekrety
/Users/ivanyakovlev/Documents/GitHub/spetsmat-bot	zahod/V14-raspredelenie	yes	0	0	yes	2026-09-22T22:01	/Users/ivanyakovlev/Documents/GitHub/spetsmat-bot-wt/V14-raspredelenie
/Users/ivanyakovlev/Documents/GitHub/spetsmat-bot	zahod/V19V20-rezervy	yes	0	0	yes	2026-09-22T22:01	/Users/ivanyakovlev/Documents/GitHub/spetsmat-bot-wt/V19V20-rezervy
/Users/ivanyakovlev/Documents/GitHub/spetsmat-bot	zahod/aktualnyj-listok-naverh-i-dedlajn	yes	0	0	yes	2026-09-07T05:03	/Users/ivanyakovlev/Documents/GitHub/spetsmat-bot-wt/aktualnyj-listok-naverh-i-dedlajn
/Users/ivanyakovlev/Documents/GitHub/spetsmat-bot	zahod/bekap-avtorizacia	yes	0	0	yes	2026-09-08T22:44	/Users/ivanyakovlev/Documents/GitHub/spetsmat-bot-wt/bekap-avtorizacia
/Users/ivanyakovlev/Documents/GitHub/spetsmat-bot	zahod/bystro-i-bezopasno	no	n/a	n/a	yes	2026-09-08T14:32	/Users/ivanyakovlev/Documents/GitHub/spetsmat-bot-wt/bystro-i-bezopasno
/Users/ivanyakovlev/Documents/GitHub/spetsmat-bot	zahod/data-i-istoria-kletki	yes	0	0	yes	2026-09-10T02:31	/Users/ivanyakovlev/Documents/GitHub/spetsmat-bot-wt/data-i-istoria-kletki
/Users/ivanyakovlev/Documents/GitHub/spetsmat-bot	zahod/dozabivka-dolgov-sklejki	yes	0	0	yes	2026-09-05T01:57	/Users/ivanyakovlev/Documents/GitHub/spetsmat-bot-wt/dozabivka-dolgov-sklejki
/Users/ivanyakovlev/Documents/GitHub/spetsmat-bot	zahod/dver-sekretov-spisok	yes	0	0	yes	2026-09-22T21:57	/Users/ivanyakovlev/Documents/GitHub/spetsmat-bot-wt/dver-sekretov-spisok
/Users/ivanyakovlev/Documents/GitHub/spetsmat-bot	zahod/gejt-pravda	yes	0	0	yes	2026-09-10T12:30	/Users/ivanyakovlev/Documents/GitHub/spetsmat-bot-wt/gejt-pravda
/Users/ivanyakovlev/Documents/GitHub/spetsmat-bot	zahod/glavnaya-i-stranicy-listkov	no	n/a	n/a	yes	2026-09-04T18:00	/Users/ivanyakovlev/Documents/GitHub/spetsmat-bot-wt/glavnaya-i-stranicy-listkov
/Users/ivanyakovlev/Documents/GitHub/spetsmat-bot	zahod/istoria-zanyatij	yes	0	0	yes	2026-09-10T04:38	/Users/ivanyakovlev/Documents/GitHub/spetsmat-bot-wt/istoria-zanyatij
/Users/ivanyakovlev/Documents/GitHub/spetsmat-bot	zahod/kabinet-plitki	yes	0	0	yes	2026-09-11T12:10	/Users/ivanyakovlev/Documents/GitHub/spetsmat-bot-wt/kabinet-plitki
/Users/ivanyakovlev/Documents/GitHub/spetsmat-bot	zahod/kanal-diagnostika	yes	0	0	yes	2026-09-10T05:30	/Users/ivanyakovlev/Documents/GitHub/spetsmat-bot-wt/kanal-diagnostika
/Users/ivanyakovlev/Documents/GitHub/spetsmat-bot	zahod/kanon-verstki	no	n/a	n/a	yes	2026-09-10T01:45	/Users/ivanyakovlev/Documents/GitHub/spetsmat-bot-wt/kanon-verstki
/Users/ivanyakovlev/Documents/GitHub/spetsmat-bot	zahod/karkas-menyu-kabinet	yes	0	0	yes	2026-09-10T11:16	/Users/ivanyakovlev/Documents/GitHub/spetsmat-bot-wt/karkas-menyu-kabinet
/Users/ivanyakovlev/Documents/GitHub/spetsmat-bot	zahod/konduit-na-prosmotr	yes	0	0	yes	2026-09-07T05:41	/Users/ivanyakovlev/Documents/GitHub/spetsmat-bot-wt/konduit-na-prosmotr
/Users/ivanyakovlev/Documents/GitHub/spetsmat-bot	zahod/konduit-panel	yes	0	0	yes	2026-09-10T11:23	/Users/ivanyakovlev/Documents/GitHub/spetsmat-bot-wt/konduit-panel
/Users/ivanyakovlev/Documents/GitHub/spetsmat-bot	zahod/lichnaya-stranica-prepodavatelya	no	n/a	n/a	yes	2026-09-07T04:54	/Users/ivanyakovlev/Documents/GitHub/spetsmat-bot-wt/lichnaya-stranica-prepodavatelya
/Users/ivanyakovlev/Documents/GitHub/spetsmat-bot	zahod/nadzor-zvonit	yes	16	2	yes	2026-09-11T01:54	/Users/ivanyakovlev/Documents/GitHub/spetsmat-bot-wt/nadzor-zvonit
/Users/ivanyakovlev/Documents/GitHub/spetsmat-bot	zahod/pages-i-materialy	yes	0	0	yes	2026-09-08T19:34	/Users/ivanyakovlev/Documents/GitHub/spetsmat-bot-wt/pages-i-materialy
/Users/ivanyakovlev/Documents/GitHub/spetsmat-bot	zahod/paroli-shkolnikov	yes	0	0	yes	2026-09-10T06:20	/Users/ivanyakovlev/Documents/GitHub/spetsmat-bot-wt/paroli-shkolnikov
/Users/ivanyakovlev/Documents/GitHub/spetsmat-bot	zahod/poisk-i-kartochka	no	n/a	n/a	yes	2026-09-10T03:19	
/Users/ivanyakovlev/Documents/GitHub/spetsmat-bot	zahod/pravila-raspredeleniya	yes	0	0	yes	2026-09-10T03:59	/Users/ivanyakovlev/Documents/GitHub/spetsmat-bot-wt/pravila-raspredeleniya
/Users/ivanyakovlev/Documents/GitHub/spetsmat-bot	zahod/proba-podnyat-volnu-samotest	no	n/a	n/a	yes	2026-09-21T21:39	
/Users/ivanyakovlev/Documents/GitHub/spetsmat-bot	zahod/raspil-monolita	yes	0	0	yes	2026-09-07T04:15	/Users/ivanyakovlev/Documents/GitHub/spetsmat-bot-wt/raspil-monolita
/Users/ivanyakovlev/Documents/GitHub/spetsmat-bot	zahod/raspredelenie-kolonki	no	n/a	n/a	yes	2026-09-10T12:07	/Users/ivanyakovlev/Documents/GitHub/spetsmat-bot-wt/raspredelenie-kolonki
/Users/ivanyakovlev/Documents/GitHub/spetsmat-bot	zahod/shirina-prep-vdn	yes	0	0	yes	2026-09-11T04:52	/Users/ivanyakovlev/Documents/GitHub/spetsmat-bot-wt/shirina-prep-vdn
/Users/ivanyakovlev/Documents/GitHub/spetsmat-bot	zahod/skleit-adminku-s-sajtom	yes	0	0	yes	2026-09-05T00:54	/Users/ivanyakovlev/Documents/GitHub/spetsmat-bot-wt/skleit-adminku-s-sajtom
/Users/ivanyakovlev/Documents/GitHub/spetsmat-bot	zahod/statistiki-i-grobarij	yes	0	0	yes	2026-09-10T04:41	/Users/ivanyakovlev/Documents/GitHub/spetsmat-bot-wt/statistiki-i-grobarij
/Users/ivanyakovlev/Documents/GitHub/spetsmat-bot	zahod/storozh-vstal	yes	0	0	yes	2026-09-08T17:07	/Users/ivanyakovlev/Documents/GitHub/spetsmat-bot-wt/storozh-vstal
/Users/ivanyakovlev/Documents/GitHub/spetsmat-bot	zahod/verstka-raspredeleniya	yes	1	0	yes	2026-09-10T02:07	/Users/ivanyakovlev/Documents/GitHub/spetsmat-bot-wt/verstka-raspredeleniya
/Users/ivanyakovlev/Documents/GitHub/spetsmat-bot	zahod/vhod-organizatora-dorabotka	no	n/a	n/a	yes	2026-09-04T18:07	/Users/ivanyakovlev/Documents/GitHub/spetsmat-bot-wt/vhod-organizatora-dorabotka
/Users/ivanyakovlev/Documents/GitHub/spetsmat-bot	zahod/vidy-zadach	yes	0	0	yes	2026-09-10T03:38	/Users/ivanyakovlev/Documents/GitHub/spetsmat-bot-wt/vidy-zadach
/Users/ivanyakovlev/Documents/GitHub/spetsmat-bot	zahod/vnesenie-zadach	yes	0	0	yes	2026-09-10T05:38	/Users/ivanyakovlev/Documents/GitHub/spetsmat-bot-wt/vnesenie-zadach
/Users/ivanyakovlev/Documents/GitHub/spetsmat-bot	zahod/vygruzka-v-tablicu	yes	0	0	yes	2026-09-08T00:24	/Users/ivanyakovlev/Documents/GitHub/spetsmat-bot-wt/vygruzka-v-tablicu
/Users/ivanyakovlev/Documents/GitHub/spetsmat-bot	zahod/zhurnal-setka	no	n/a	n/a	yes	2026-09-11T12:27	/Users/ivanyakovlev/Documents/GitHub/spetsmat-bot-wt/zhurnal-setka
/Users/ivanyakovlev/Documents/GitHub/spetsmat-bot	zamer/C-v1-baza-759ef40	no	n/a	n/a	yes	2026-09-23T16:49	/Users/ivanyakovlev/Documents/GitHub/spetsmat-bot-wt/zamer-C-v1-baza
/Users/ivanyakovlev/Documents/GitHub/spetsmat-bot	zamer/baza-457342e	no	n/a	n/a	yes	2026-09-11T01:58	/Users/ivanyakovlev/Documents/GitHub/spetsmat-bot-wt/zamer-baza
/Users/ivanyakovlev/Documents/GitHub/spetsmat-bot	zamer/noch2-01391ae	no	n/a	n/a	yes	2026-09-11T01:10	/Users/ivanyakovlev/Documents/GitHub/spetsmat-bot-wt/zamer-noch2
/Users/ivanyakovlev/Documents/GitHub/spetsmat/spetsmat_db	design-system	no	n/a	n/a	n/a	2026-06-17T15:00	
/Users/ivanyakovlev/Documents/GitHub/spetsmat/spetsmat_db	main	no	n/a	n/a	n/a	2026-06-19T04:58	
/Users/ivanyakovlev/Documents/GitHub/spetsmat/spetsmat_db	predeploy	no	n/a	n/a	n/a	2026-06-17T22:14	
/Users/ivanyakovlev/Documents/GitHub/spetsmat/spetsmat_db	tagging	no	n/a	n/a	n/a	2026-06-26T04:40	/Users/ivanyakovlev/Documents/GitHub/spetsmat/spetsmat_db
/Users/ivanyakovlev/Documents/GitHub/vanya	main	yes	0	0	yes	2026-09-17T23:49	/Users/ivanyakovlev/Documents/GitHub/vanya
