path	kind	origin_url	head_branch	default_branch	dirty_tracked	untracked	porcelain_before	porcelain_after	size_mb	first_commit_date	last_commit_date	commit_count	newest_file_mtime	readme_title	funnel_rule	funnel_rule_strict	dup_group	fetch	head_in_default	dotgit_birth	status_err	dirty_class
/Users/ivanyakovlev/Documents/GitHub/ankety	main	https://github.com/d1-d57/ankety.git	main	main	1	0	1	1	0.3	2026-08-29T14:28	2026-09-20T19:13	20	2026-09-20T19:28	ankety — анкетный инструмент (Cloudflare Worker + D1)	R3-park	R3-park		ok	no	2026-08-29T16:22		work
/Users/ivanyakovlev/Documents/GitHub/disciplina-wt/avariynyj-kommit	worktree	https://github.com/d1-d57/disciplina.git	zahod/avariynyj-kommit	main	1	1	2	2	263.4	2026-08-06T04:08	2026-09-20T12:59	4671	2026-09-20T12:58	disciplina	R3-park	R3-park		ok	yes	2026-09-20T11:17		work
/Users/ivanyakovlev/Documents/GitHub/disciplina-wt/baza-i-srez-pri-podyome	worktree	https://github.com/d1-d57/disciplina.git	zahod/baza-i-srez-pri-podyome	main	1	0	1	1	222.6	2026-08-06T04:08	2026-09-23T01:50	5620	2026-09-24T03:27	disciplina	R10-wt-residue	R3-park		ok	yes	2026-09-23T01:51		generated-only
/Users/ivanyakovlev/Documents/GitHub/disciplina-wt/byudzhety-i-rashod	worktree	https://github.com/d1-d57/disciplina.git	zahod/byudzhety-i-rashod	main	0	0	0	0	209.4	2026-08-06T04:08	2026-09-17T11:01	4349	2026-09-17T11:00	disciplina	R1-ok	R1-ok		ok	no	2026-09-17T10:43		
/Users/ivanyakovlev/Documents/GitHub/disciplina-wt/chasovoj-ne-podnimaet-zakrytuyu	worktree	https://github.com/d1-d57/disciplina.git	zahod/chasovoj-ne-podnimaet-zakrytuyu	main	1	1	2	2	215.3	2026-08-06T04:08	2026-09-21T02:17	4920	2026-09-21T02:21	disciplina	R3-park	R3-park		ok	yes	2026-09-20T23:44		work
/Users/ivanyakovlev/Documents/GitHub/disciplina-wt/chasovoj-ne-umiraet-molcha	worktree	https://github.com/d1-d57/disciplina.git	zahod/chasovoj-ne-umiraet-molcha	main	1	1	2	2	226.9	2026-08-06T04:08	2026-09-23T12:36	6021	2026-09-23T12:48	disciplina	R3-park	R3-park		ok	yes	2026-09-23T11:01		work
/Users/ivanyakovlev/Documents/GitHub/disciplina-wt/chasovoj-zhurnal-volny	worktree	https://github.com/d1-d57/disciplina.git	zahod/chasovoj-zhurnal-volny	main	1	0	1	1	233.2	2026-08-06T04:08	2026-09-23T18:21	6585	2026-09-23T18:21	disciplina	R3-park	R3-park		ok	no	2026-09-23T16:24		generated-only
/Users/ivanyakovlev/Documents/GitHub/disciplina-wt/dajdzhest-i-kanal	worktree	https://github.com/d1-d57/disciplina.git	(detached)	main	0	0	0	0	190.7	2026-08-06T04:08	2026-09-06T04:41	3064	2026-09-06T04:48	disciplina	R9-wt-done	R1-ok		ok	yes	2026-09-06T02:54		
/Users/ivanyakovlev/Documents/GitHub/disciplina-wt/denezhnye-puly-i-proba-zhivosti-modeli	worktree	https://github.com/d1-d57/disciplina.git	zahod/denezhnye-puly-i-proba-zhivosti-modeli	main	0	0	0	0	187.1	2026-08-06T04:08	2026-09-04T15:32	2909	2026-09-04T15:32	disciplina	R9-wt-done	R1-ok		ok	yes	2026-09-04T14:38		
/Users/ivanyakovlev/Documents/GitHub/disciplina-wt/dengi-v-stroke-kruga	worktree	https://github.com/d1-d57/disciplina.git	zahod/dengi-v-stroke-kruga	main	0	0	0	0	219.6	2026-08-06T04:08	2026-09-21T15:52	5317	2026-09-21T15:51	disciplina	R9-wt-done	R1-ok		ok	yes	2026-09-21T13:52		
/Users/ivanyakovlev/Documents/GitHub/disciplina-wt/diagnoz-odnoj-komandoj	worktree	https://github.com/d1-d57/disciplina.git	zahod/diagnoz-odnoj-komandoj	main	0	1	1	1	231.8	2026-08-06T04:08	2026-09-23T14:58	6415	2026-09-23T15:07	disciplina	R3-park	R3-park		ok	yes	2026-09-23T13:47		work
/Users/ivanyakovlev/Documents/GitHub/disciplina-wt/diagnoz-orkestratora	worktree	https://github.com/d1-d57/disciplina.git	zahod/diagnoz-orkestratora	main	0	1	1	1	233.3	2026-08-06T04:08	2026-09-23T16:33	6563	2026-09-23T16:46	disciplina	R3-park	R3-park		ok	no	2026-09-23T15:18		work
/Users/ivanyakovlev/Documents/GitHub/disciplina-wt/dirizher-klass-prichiny-mashinno	worktree	https://github.com/d1-d57/disciplina.git	zahod/dirizher-klass-prichiny-mashinno	main	0	0	0	0	209.7	2026-08-06T04:08	2026-09-17T12:05	4377	2026-09-17T12:07	disciplina	R9-wt-done	R1-ok		ok	yes	2026-09-17T12:07		
/Users/ivanyakovlev/Documents/GitHub/disciplina-wt/dirizher-lozhnyj-uspeh-retry-i-vremya	worktree	https://github.com/d1-d57/disciplina.git	(detached)	main	1	0	1	1	201.3	2026-08-06T04:08	2026-09-13T16:37	3703	2026-09-13T16:56	disciplina	R10-wt-residue	R3-park		ok	yes	2026-09-13T01:48		generated-only
/Users/ivanyakovlev/Documents/GitHub/disciplina-wt/dirizher-po-zameru	worktree	https://github.com/d1-d57/disciplina.git	zahod/dirizher-po-zameru	main	1	1	2	2	289.8	2026-08-06T04:08	2026-09-24T00:51	7208	2026-09-24T01:01	disciplina	R3-park	R3-park		ok	no	2026-09-23T22:12		work
/Users/ivanyakovlev/Documents/GitHub/disciplina-wt/dirizher-sostoyanie-volny-storozh-spasenie-dobor	worktree	https://github.com/d1-d57/disciplina.git	zahod/dirizher-sostoyanie-volny-storozh-spasenie-dobor	main	0	1	1	1	187.0	2026-08-06T04:08	2026-09-04T16:12	2911	2026-09-04T16:23	disciplina	R3-park	R3-park		ok	yes	2026-09-04T14:37		work
/Users/ivanyakovlev/Documents/GitHub/disciplina-wt/dobor-chetyre-zhivyh-defekta	worktree	https://github.com/d1-d57/disciplina.git	(detached)	main	0	0	0	0	255.7	2026-08-06T04:08	2026-09-13T20:56	3896	2026-09-13T21:03	disciplina	R9-wt-done	R1-ok		ok	yes	2026-09-13T20:23		
/Users/ivanyakovlev/Documents/GitHub/disciplina-wt/dobor-s-mesta	worktree	https://github.com/d1-d57/disciplina.git	zahod/dobor-s-mesta	main	0	1	1	1	287.0	2026-08-06T04:08	2026-09-24T02:43	6766	2026-09-24T02:52	disciplina	R3-park	R3-park		ok	no	2026-09-23T17:56		work
/Users/ivanyakovlev/Documents/GitHub/disciplina-wt/dolg-zakrytyj-delom-vozvrashchaetsya-v-dom	worktree	https://github.com/d1-d57/disciplina.git	(detached)	main	1	0	1	1	203.0	2026-08-06T04:08	2026-09-13T19:09	3828	2026-09-13T19:12	disciplina	R10-wt-residue	R3-park		ok	yes	2026-09-13T01:49		generated-only
/Users/ivanyakovlev/Documents/GitHub/disciplina-wt/dolgi-orkestratora-ishod	worktree	https://github.com/d1-d57/disciplina.git	zahod/dolgi-orkestratora-ishod	main	0	1	1	1	217.4	2026-08-06T04:08	2026-09-21T05:09	5083	2026-09-21T05:12	disciplina	R3-park	R3-park		ok	yes	2026-09-20T23:48		work
/Users/ivanyakovlev/Documents/GitHub/disciplina-wt/dolgi-orkestratora-peresud	worktree	https://github.com/d1-d57/disciplina.git	zahod/dolgi-orkestratora-peresud	main	0	1	1	1	222.3	2026-08-06T04:08	2026-09-23T01:38	5566	2026-09-23T01:39	disciplina	R3-park	R3-park		ok	yes	2026-09-23T00:59		work
/Users/ivanyakovlev/Documents/GitHub/disciplina-wt/dopolnenie-kak-zapis	worktree	https://github.com/d1-d57/disciplina.git	zahod/dopolnenie-kak-zapis	main	0	2	2	2	213.8	2026-08-06T04:08	2026-09-20T20:38	4756	2026-09-20T20:43	disciplina	R3-park	R3-park		ok	yes	2026-09-20T16:37		work
/Users/ivanyakovlev/Documents/GitHub/disciplina-wt/dve-na-odnoj-modeli-2	worktree	https://github.com/d1-d57/disciplina.git	zahod/dve-na-odnoj-modeli-2	main	0	0	0	0	217.4	2026-08-06T04:08	2026-09-21T03:28	5077	2026-09-21T03:30	disciplina	R9-wt-done	R1-ok		ok	yes	2026-09-21T03:30		
/Users/ivanyakovlev/Documents/GitHub/disciplina-wt/dve-na-odnoj-modeli-3	worktree	https://github.com/d1-d57/disciplina.git	zahod/dve-na-odnoj-modeli-3	main	0	0	0	0	272.1	2026-08-06T04:08	2026-09-21T17:01	5356	2026-09-21T16:52	disciplina	R9-wt-done	R1-ok		ok	yes	2026-09-21T13:52		
/Users/ivanyakovlev/Documents/GitHub/disciplina-wt/dve-na-odnoj-modeli	worktree	https://github.com/d1-d57/disciplina.git	zahod/dve-na-odnoj-modeli	main	0	0	0	0	214.5	2026-08-06T04:08	2026-09-20T18:53	4816	2026-09-20T18:54	disciplina	R9-wt-done	R1-ok		ok	yes	2026-09-20T18:53		
/Users/ivanyakovlev/Documents/GitHub/disciplina-wt/dver-nahodki	worktree	https://github.com/d1-d57/disciplina.git	zahod/dver-nahodki	main	0	1	1	1	231.5	2026-08-06T04:08	2026-09-23T14:36	6375	2026-09-23T14:50	disciplina	R3-park	R3-park		ok	yes	2026-09-23T12:47		work
/Users/ivanyakovlev/Documents/GitHub/disciplina-wt/dver-verdikta-incidenta	worktree	https://github.com/d1-d57/disciplina.git	zahod/dver-verdikta-incidenta	main	0	1	1	1	222.3	2026-08-06T04:08	2026-09-23T01:49	5563	2026-09-23T01:53	disciplina	R3-park	R3-park		ok	yes	2026-09-23T01:00		work
/Users/ivanyakovlev/Documents/GitHub/disciplina-wt/etap-20-i-perenos	worktree	https://github.com/d1-d57/disciplina.git	(detached)	main	0	1	1	1	18.1	2026-08-06T04:08	2026-08-06T20:45	36	2026-08-06T20:45	disciplina	R3-park	R3-park		ok	yes	2026-08-06T19:01		work
/Users/ivanyakovlev/Documents/GitHub/disciplina-wt/faza-uborki-razrezana	worktree	https://github.com/d1-d57/disciplina.git	zahod/faza-uborki-razrezana	main	0	0	0	0	225.7	2026-08-06T04:08	2026-09-23T10:50	5988	2026-09-23T10:52	disciplina	R9-wt-done	R1-ok		ok	yes	2026-09-23T10:52		
/Users/ivanyakovlev/Documents/GitHub/disciplina-wt/gejt-otlichaet-upotreblenie-ot-upominaniya	worktree	https://github.com/d1-d57/disciplina.git	(detached)	main	0	0	0	0	193.3	2026-08-06T04:08	2026-09-06T03:25	3050	2026-09-06T03:27	disciplina	R9-wt-done	R1-ok		ok	yes	2026-09-06T02:42		
/Users/ivanyakovlev/Documents/GitHub/disciplina-wt/gejt-podklyucheniya-lozhnoe-zelenoe	worktree	https://github.com/d1-d57/disciplina.git	zahod/gejt-podklyucheniya-lozhnoe-zelenoe	main	0	0	0	0	218.5	2026-08-06T04:08	2026-09-21T14:30	5244	2026-09-21T14:30	disciplina	R9-wt-done	R1-ok		ok	yes	2026-09-21T13:49		
/Users/ivanyakovlev/Documents/GitHub/disciplina-wt/gejt-postroeno-ne-podklyucheno	worktree	https://github.com/d1-d57/disciplina.git	zahod/gejt-postroeno-ne-podklyucheno	main	0	1	1	1	217.4	2026-08-06T04:08	2026-09-21T04:08	5080	2026-09-21T04:10	disciplina	R3-park	R3-park		ok	yes	2026-09-20T23:47		work
/Users/ivanyakovlev/Documents/GitHub/disciplina-wt/gejt-sborki-v-generator	worktree	https://github.com/d1-d57/disciplina.git	(detached)	main	1	0	1	1	203.3	2026-08-06T04:08	2026-09-13T14:33	3735	2026-09-13T14:36	disciplina	R10-wt-residue	R3-park		ok	yes	2026-09-13T01:45		generated-only
/Users/ivanyakovlev/Documents/GitHub/disciplina-wt/generator-pravila	worktree	https://github.com/d1-d57/disciplina.git	zahod/generator-pravila	main	0	1	1	1	213.8	2026-08-06T04:08	2026-09-20T18:12	4749	2026-09-20T18:14	disciplina	R3-park	R3-park		ok	yes	2026-09-20T16:36		work
/Users/ivanyakovlev/Documents/GitHub/disciplina-wt/generator-rychaga	worktree	https://github.com/d1-d57/disciplina.git	zahod/generator-rychaga	main	0	1	1	1	213.8	2026-08-06T04:08	2026-09-20T21:20	4753	2026-09-20T19:10	disciplina	R3-park	R3-park		ok	no	2026-09-20T16:37		work
/Users/ivanyakovlev/Documents/GitHub/disciplina-wt/gigiena-arki-bez-klapanov	worktree	https://github.com/d1-d57/disciplina.git	zahod/gigiena-arki-bez-klapanov	main	0	0	0	0	292.8	2026-08-06T04:08	2026-09-24T03:06	7553	2026-09-24T03:07	disciplina	R2-push	R2-push		ok	no	2026-09-24T03:06		
/Users/ivanyakovlev/Documents/GitHub/disciplina-wt/gigiena-repozitoriya-worktree-vetki-vyvoz	worktree	https://github.com/d1-d57/disciplina.git	zahod/gigiena-repozitoriya-worktree-vetki-vyvoz	main	0	0	0	0	184.4	2026-08-06T04:08	2026-09-04T00:08	2743	2026-09-04T00:08	disciplina	R9-wt-done	R1-ok		ok	yes	2026-09-03T22:45		
/Users/ivanyakovlev/Documents/GitHub/disciplina-wt/git-bez-zamkov	worktree	https://github.com/d1-d57/disciplina.git	zahod/git-bez-zamkov	main	0	1	1	1	236.9	2026-08-06T04:08	2026-09-23T22:57	7116	2026-09-23T22:59	disciplina	R3-park	R3-park		ok	no	2026-09-23T21:27		work
/Users/ivanyakovlev/Documents/GitHub/disciplina-wt/git-odna-dver	worktree	https://github.com/d1-d57/disciplina.git	(detached)	main	0	0	0	0	111.3	2026-08-06T04:08	2026-08-25T02:09	580	2026-08-25T04:08	disciplina	R1-ok	R1-ok		ok	no	2026-08-25T02:32		
/Users/ivanyakovlev/Documents/GitHub/disciplina-wt/git-zona-zona-shire-kontrakta	worktree	https://github.com/d1-d57/disciplina.git	zahod/git-zona-zona-shire-kontrakta	main	3	0	3	3	262.0	2026-08-06T04:08	2026-09-17T17:03	4381	2026-09-17T18:01	disciplina	R3-park	R3-park		ok	no	2026-09-17T12:05		work
/Users/ivanyakovlev/Documents/GitHub/disciplina-wt/gromkij-otkaz-podlozhka	worktree	https://github.com/d1-d57/disciplina.git	zahod/gromkij-otkaz-podlozhka	main	0	1	1	1	228.1	2026-08-06T04:08	2026-09-23T13:20	6158	2026-09-23T13:34	disciplina	R3-park	R3-park		ok	yes	2026-09-23T12:47		work
/Users/ivanyakovlev/Documents/GitHub/disciplina-wt/huk-git-po-kontraktu	worktree	https://github.com/d1-d57/disciplina.git	zahod/huk-git-po-kontraktu	main	0	0	0	0	239.6	2026-08-06T04:08	2026-09-24T02:16	7343	2026-09-24T02:15	disciplina	R2-push	R2-push		ok	no	2026-09-24T00:08		
/Users/ivanyakovlev/Documents/GitHub/disciplina-wt/huk-obhod-proverok	worktree	https://github.com/d1-d57/disciplina.git	zahod/huk-obhod-proverok	main	0	0	0	0	241.7	2026-08-06T04:08	2026-09-24T10:00	7833	2026-09-24T10:00	disciplina	R2-push	R2-push		ok	no	2026-09-24T09:34		
/Users/ivanyakovlev/Documents/GitHub/disciplina-wt/huk-obryv-api	worktree	https://github.com/d1-d57/disciplina.git	zahod/huk-obryv-api	main	0	1	1	1	238.8	2026-08-06T04:08	2026-09-24T01:05	7338	2026-09-24T01:06	disciplina	R3-park	R3-park		ok	no	2026-09-24T00:08		work
/Users/ivanyakovlev/Documents/GitHub/disciplina-wt/huk-otchyot-pozicii	worktree	https://github.com/d1-d57/disciplina.git	zahod/huk-otchyot-pozicii	main	0	0	0	0	241.4	2026-08-06T04:08	2026-09-24T08:33	7780	2026-09-24T08:33	disciplina	R2-push	R2-push		ok	no	2026-09-24T07:55		
/Users/ivanyakovlev/Documents/GitHub/disciplina-wt/huk-porog-konteksta	worktree	https://github.com/d1-d57/disciplina.git	zahod/huk-porog-konteksta	main	0	0	0	0	238.8	2026-08-06T04:08	2026-09-24T05:29	7340	2026-09-24T05:29	disciplina	R1-ok	R1-ok		ok	no	2026-09-24T00:08		
/Users/ivanyakovlev/Documents/GitHub/disciplina-wt/huk-preemnik-zhdyot	worktree	https://github.com/d1-d57/disciplina.git	zahod/huk-preemnik-zhdyot	main	0	0	0	0	241.2	2026-08-06T04:08	2026-09-24T07:49	7734	2026-09-24T07:49	disciplina	R2-push	R2-push		ok	no	2026-09-24T06:57		
/Users/ivanyakovlev/Documents/GitHub/disciplina-wt/huk-puti-v-zahodah	worktree	https://github.com/d1-d57/disciplina.git	zahod/huk-puti-v-zahodah	main	0	0	0	0	239.1	2026-08-06T04:08	2026-09-24T03:01	7344	2026-09-24T03:01	disciplina	R2-push	R2-push		ok	no	2026-09-24T00:08		
/Users/ivanyakovlev/Documents/GitHub/disciplina-wt/huk-serdce-avto	worktree	https://github.com/d1-d57/disciplina.git	zahod/huk-serdce-avto	main	0	1	1	1	236.9	2026-08-06T04:08	2026-09-23T21:49	7095	2026-09-23T21:51	disciplina	R3-park	R3-park		ok	no	2026-09-23T21:17		work
/Users/ivanyakovlev/Documents/GitHub/disciplina-wt/huk-snimok-pered-szhatiem	worktree	https://github.com/d1-d57/disciplina.git	zahod/huk-snimok-pered-szhatiem	main	0	0	0	0	241.1	2026-08-06T04:08	2026-09-24T06:46	7705	2026-09-24T06:45	disciplina	R2-push	R2-push		ok	no	2026-09-24T06:13		
/Users/ivanyakovlev/Documents/GitHub/disciplina-wt/huk-start-sessii	worktree	https://github.com/d1-d57/disciplina.git	zahod/huk-start-sessii	main	0	1	1	1	241.7	2026-08-06T04:08	2026-09-24T10:26	7850	2026-09-24T10:58	disciplina	R3-park	R3-park		ok	no	2026-09-24T10:06		work
/Users/ivanyakovlev/Documents/GitHub/disciplina-wt/huk-stop-golovy	worktree	https://github.com/d1-d57/disciplina.git	zahod/huk-stop-golovy	main	0	1	1	1	236.4	2026-08-06T04:08	2026-09-23T20:13	6920	2026-09-23T20:28	disciplina	R3-park	R3-park		ok	no	2026-09-23T19:37		work
/Users/ivanyakovlev/Documents/GitHub/disciplina-wt/huk-stroka-kruga	worktree	https://github.com/d1-d57/disciplina.git	zahod/huk-stroka-kruga	main	0	0	0	0	238.8	2026-08-06T04:08	2026-09-24T04:48	7347	2026-09-24T04:48	disciplina	R2-push	R2-push		ok	no	2026-09-24T00:08		
/Users/ivanyakovlev/Documents/GitHub/disciplina-wt/huk-vyvoz-vetki	worktree	https://github.com/d1-d57/disciplina.git	zahod/huk-vyvoz-vetki	main	0	0	0	0	241.5	2026-08-06T04:08	2026-09-24T09:28	7807	2026-09-24T09:28	disciplina	R2-push	R2-push		ok	no	2026-09-24T08:39		
/Users/ivanyakovlev/Documents/GitHub/disciplina-wt/huk-zapret-udaleniya	worktree	https://github.com/d1-d57/disciplina.git	zahod/huk-zapret-udaleniya	main	0	1	1	1	238.0	2026-08-06T04:08	2026-09-23T22:47	7179	2026-09-23T22:55	disciplina	R3-park	R3-park		ok	no	2026-09-23T22:00		work
/Users/ivanyakovlev/Documents/GitHub/disciplina-wt/huki-karkas	worktree	https://github.com/d1-d57/disciplina.git	zahod/huki-karkas	main	0	1	1	1	231.7	2026-08-06T04:08	2026-09-23T16:42	6384	2026-09-23T16:42	disciplina	R3-park	R3-park		ok	no	2026-09-23T14:11		work
/Users/ivanyakovlev/Documents/GitHub/disciplina-wt/huki-reviziya	worktree	https://github.com/d1-d57/disciplina.git	(detached)	main	0	0	0	0	227.9	2026-08-06T04:08	2026-09-23T12:42	6146	2026-09-23T12:47	disciplina	R9-wt-done	R1-ok		ok	yes	2026-09-23T12:47		
/Users/ivanyakovlev/Documents/GitHub/disciplina-wt/hvosty-d10	worktree	https://github.com/d1-d57/disciplina.git	zahod/hvosty-d10	main	0	0	0	0	225.7	2026-08-06T04:08	2026-09-23T10:50	5988	2026-09-23T10:52	disciplina	R9-wt-done	R1-ok		ok	yes	2026-09-23T10:52		
/Users/ivanyakovlev/Documents/GitHub/disciplina-wt/hvosty-vynosa	worktree	https://github.com/d1-d57/disciplina.git	zahod/hvosty-vynosa	main	0	1	1	1	117.6	2026-08-06T04:08	2026-08-25T23:20	654	2026-08-26T01:52	disciplina	R10-wt-residue	R3-park		ok	yes	2026-08-25T12:03		scratch-only
/Users/ivanyakovlev/Documents/GitHub/disciplina-wt/izmerit-karantin	worktree	https://github.com/d1-d57/disciplina.git	zahod/izmerit-karantin	main	0	1	1	1	217.4	2026-08-06T04:08	2026-09-21T04:22	5081	2026-09-21T04:25	disciplina	R3-park	R3-park		ok	yes	2026-09-20T23:45		work
/Users/ivanyakovlev/Documents/GitHub/disciplina-wt/kakie-fikstury	worktree	https://github.com/d1-d57/disciplina.git	zahod/kakie-fikstury	main	1	2	3	3	238.2	2026-08-06T04:08	2026-09-23T23:25	7267	2026-09-23T23:26	disciplina	R3-park	R3-park		ok	no	2026-09-23T23:06		work
/Users/ivanyakovlev/Documents/GitHub/disciplina-wt/kanaly-razvedka-sud-pochinka	worktree	https://github.com/d1-d57/disciplina.git	zahod/kanaly-razvedka-sud-pochinka	main	2	2	4	4	263.9	2026-08-06T04:08	2026-09-20T15:46	4693	2026-09-20T15:57	disciplina	R3-park	R3-park		ok	no	2026-09-20T13:03		work
/Users/ivanyakovlev/Documents/GitHub/disciplina-wt/kanon-mandata-v-generatore	worktree	https://github.com/d1-d57/disciplina.git	zahod/kanon-mandata-v-generatore	main	0	0	0	0	210.6	2026-08-06T04:08	2026-09-20T01:01	4597	2026-09-20T01:22	disciplina	R9-wt-done	R1-ok		ok	yes	2026-09-20T01:22		
/Users/ivanyakovlev/Documents/GitHub/disciplina-wt/karta-gejtov-odnoj-komandoj	worktree	https://github.com/d1-d57/disciplina.git	zahod/karta-gejtov-odnoj-komandoj	main	1	1	2	2	219.7	2026-08-06T04:08	2026-09-21T16:24	5334	2026-09-21T16:27	disciplina	R3-park	R3-park		ok	yes	2026-09-21T13:53		work
/Users/ivanyakovlev/Documents/GitHub/disciplina-wt/karta-mashiny-orkestratora	worktree	https://github.com/d1-d57/disciplina.git	zahod/karta-mashiny-orkestratora	main	0	0	0	0	221.6	2026-08-06T04:08	2026-09-23T00:00	5504	2026-09-23T00:06	disciplina	R9-wt-done	R1-ok		ok	yes	2026-09-23T00:06		
/Users/ivanyakovlev/Documents/GitHub/disciplina-wt/karta-mashiny-v2	worktree	https://github.com/d1-d57/disciplina.git	zahod/karta-mashiny-v2	main	0	1	1	1	223.7	2026-08-06T04:08	2026-09-23T02:36	5676	2026-09-23T02:39	disciplina	R3-park	R3-park		ok	yes	2026-09-23T02:21		work
/Users/ivanyakovlev/Documents/GitHub/disciplina-wt/kartochka-uroka-chem-i-predmet	worktree	https://github.com/d1-d57/disciplina.git	zahod/kartochka-uroka-chem-i-predmet	main	0	0	0	0	221.6	2026-08-06T04:08	2026-09-23T00:00	5504	2026-09-23T00:06	disciplina	R9-wt-done	R1-ok		ok	yes	2026-09-23T00:06		
/Users/ivanyakovlev/Documents/GitHub/disciplina-wt/klassy-incidentov-2	worktree	https://github.com/d1-d57/disciplina.git	(detached)	main	0	1	1	1	111.5	2026-08-06T04:08	2026-08-25T01:33	587	2026-08-25T03:32	disciplina	R10-wt-residue	R3-park		ok	yes	2026-08-25T02:54		scratch-only
/Users/ivanyakovlev/Documents/GitHub/disciplina-wt/klassy-otkaza-v-dom-orkestratora	worktree	https://github.com/d1-d57/disciplina.git	(detached)	main	1	0	1	1	203.2	2026-08-06T04:08	2026-09-13T20:09	3863	2026-09-13T20:14	disciplina	R10-wt-residue	R3-park		ok	yes	2026-09-13T01:49		generated-only
/Users/ivanyakovlev/Documents/GitHub/disciplina-wt/kontekst-vedushchego-v-stroke-kruga	worktree	https://github.com/d1-d57/disciplina.git	zahod/kontekst-vedushchego-v-stroke-kruga	main	0	1	1	1	222.9	2026-08-06T04:08	2026-09-23T02:34	5648	2026-09-23T02:36	disciplina	R3-park	R3-park		ok	yes	2026-09-23T02:04		work
/Users/ivanyakovlev/Documents/GitHub/disciplina-wt/kontrakt-roli-prinuzhdaetsya	worktree	https://github.com/d1-d57/disciplina.git	zahod/kontrakt-roli-prinuzhdaetsya	main	1	0	1	1	219.4	2026-08-06T04:08	2026-09-21T15:55	5297	2026-09-21T15:54	disciplina	R10-wt-residue	R3-park		ok	yes	2026-09-21T13:51		generated-only
/Users/ivanyakovlev/Documents/GitHub/disciplina-wt/kontury-upravleniya	worktree	https://github.com/d1-d57/disciplina.git	zahod/kontury-upravleniya	main	0	1	1	1	228.1	2026-08-06T04:08	2026-09-23T13:16	6152	2026-09-23T13:20	disciplina	R3-park	R3-park		ok	yes	2026-09-23T12:47		work
/Users/ivanyakovlev/Documents/GitHub/disciplina-wt/konvejer-suda-urokov	worktree	https://github.com/d1-d57/disciplina.git	zahod/konvejer-suda-urokov	main	0	1	1	1	216.6	2026-08-06T04:08	2026-09-21T01:24	4944	2026-09-21T01:28	disciplina	R3-park	R3-park		ok	yes	2026-09-20T23:44		work
/Users/ivanyakovlev/Documents/GitHub/disciplina-wt/korpus-generatorov-i-tipov	worktree	https://github.com/d1-d57/disciplina.git	zahod/korpus-generatorov-i-tipov	main	0	2	2	2	263.6	2026-08-06T04:08	2026-09-20T11:33	4670	2026-09-20T14:26	disciplina	R3-park	R3-park		ok	yes	2026-09-20T11:34		work
/Users/ivanyakovlev/Documents/GitHub/disciplina-wt/korpus-mehanika	worktree	https://github.com/d1-d57/disciplina.git	zahod/korpus-mehanika	main	2	6	8	8	215.1	2026-08-06T04:08	2026-09-20T16:18	4710	2026-09-20T16:23	disciplina	R3-park	R3-park		ok	yes	2026-09-20T14:47		work
/Users/ivanyakovlev/Documents/GitHub/disciplina-wt/korpus-pravil-i-rychagov	worktree	https://github.com/d1-d57/disciplina.git	zahod/korpus-pravil-i-rychagov	main	0	2	2	2	263.6	2026-08-06T04:08	2026-09-20T11:48	4668	2026-09-20T14:26	disciplina	R3-park	R3-park		ok	no	2026-09-20T11:23		work
/Users/ivanyakovlev/Documents/GitHub/disciplina-wt/korpus-urokov	worktree	https://github.com/d1-d57/disciplina.git	zahod/korpus-urokov	main	2	5	7	7	264.9	2026-08-06T04:08	2026-09-20T11:21	4665	2026-09-20T14:36	disciplina	R3-park	R3-park		ok	yes	2026-09-20T11:21		work
/Users/ivanyakovlev/Documents/GitHub/disciplina-wt/krug-rychag-i-utrennij-otchyot	worktree	https://github.com/d1-d57/disciplina.git	zahod/krug-rychag-i-utrennij-otchyot	main	0	1	1	1	216.6	2026-08-06T04:08	2026-09-21T03:28	4945	2026-09-21T03:30	disciplina	R3-park	R3-park		ok	yes	2026-09-20T23:47		work
/Users/ivanyakovlev/Documents/GitHub/disciplina-wt/kuski-sostava-bez-zapora	worktree	https://github.com/d1-d57/disciplina.git	zahod/kuski-sostava-bez-zapora	main	0	1	1	1	279.2	2026-08-06T04:08	2026-09-23T17:06	6022	2026-09-23T17:10	disciplina	R3-park	R3-park		ok	no	2026-09-23T11:05		work
/Users/ivanyakovlev/Documents/GitHub/disciplina-wt/lenta-mat-blok-i-dvizhok-dokumenta	worktree	https://github.com/d1-d57/disciplina.git	(detached)	main	0	0	0	0	191.7	2026-08-06T04:08	2026-09-06T04:09	3064	2026-09-06T04:15	disciplina	R9-wt-done	R1-ok		ok	yes	2026-09-06T02:53		
/Users/ivanyakovlev/Documents/GitHub/disciplina-wt/limit-kak-limit	worktree	https://github.com/d1-d57/disciplina.git	zahod/limit-kak-limit	main	0	1	1	1	287.0	2026-08-06T04:08	2026-09-23T21:18	6768	2026-09-23T21:30	disciplina	R3-park	R3-park		ok	no	2026-09-23T17:55		work
/Users/ivanyakovlev/Documents/GitHub/disciplina-wt/mandat-atomarnaya-zapis-i-lint	worktree	https://github.com/d1-d57/disciplina.git	zahod/mandat-atomarnaya-zapis-i-lint	main	0	0	0	0	262.0	2026-08-06T04:08	2026-09-17T12:47	4383	2026-09-17T12:39	disciplina	R9-wt-done	R1-ok		ok	yes	2026-09-17T12:06		
/Users/ivanyakovlev/Documents/GitHub/disciplina-wt/mandat-proizvoditsya-konvejerom-a-ne-pamyatyu	worktree	https://github.com/d1-d57/disciplina.git	zahod/mandat-proizvoditsya-konvejerom-a-ne-pamyatyu	main	0	0	0	0	187.3	2026-08-06T04:08	2026-09-04T15:19	2908	2026-09-04T15:27	disciplina	R9-wt-done	R1-ok		ok	yes	2026-09-04T14:38		
/Users/ivanyakovlev/Documents/GitHub/disciplina-wt/mandat-slovar-statusov	worktree	https://github.com/d1-d57/disciplina.git	(detached)	main	1	0	1	1	201.3	2026-08-06T04:08	2026-09-13T17:23	3696	2026-09-13T17:31	disciplina	R10-wt-residue	R3-park		ok	yes	2026-09-13T01:48		generated-only
/Users/ivanyakovlev/Documents/GitHub/disciplina-wt/mandat-tolko-po-sobrannomu-sostavu	worktree	https://github.com/d1-d57/disciplina.git	zahod/mandat-tolko-po-sobrannomu-sostavu	main	0	1	1	1	226.8	2026-08-06T04:08	2026-09-23T13:17	6014	2026-09-23T13:24	disciplina	R3-park	R3-park		ok	yes	2026-09-23T11:02		work
/Users/ivanyakovlev/Documents/GitHub/disciplina-wt/mashinnye-polya	worktree	https://github.com/d1-d57/disciplina.git	zahod/mashinnye-polya	main	0	0	0	0	213.8	2026-08-06T04:08	2026-09-20T20:13	4748	2026-09-20T20:13	disciplina	R9-wt-done	R1-ok		ok	yes	2026-09-20T16:37		
/Users/ivanyakovlev/Documents/GitHub/disciplina-wt/mest-zanyato-v-stroke-kruga	worktree	https://github.com/d1-d57/disciplina.git	zahod/mest-zanyato-v-stroke-kruga	main	0	1	1	1	226.9	2026-08-06T04:08	2026-09-23T11:49	6014	2026-09-23T11:54	disciplina	R3-park	R3-park		ok	yes	2026-09-23T11:01		work
/Users/ivanyakovlev/Documents/GitHub/disciplina-wt/metka-dostavki-ot-kornya	worktree	https://github.com/d1-d57/disciplina.git	zahod/metka-dostavki-ot-kornya	main	0	1	1	1	222.3	2026-08-06T04:08	2026-09-23T02:05	5565	2026-09-23T02:07	disciplina	R3-park	R3-park		ok	yes	2026-09-23T01:00		work
/Users/ivanyakovlev/Documents/GitHub/disciplina-wt/minuty-kruga	worktree	https://github.com/d1-d57/disciplina.git	zahod/minuty-kruga	main	0	1	1	1	214.4	2026-08-06T04:08	2026-09-20T18:56	4796	2026-09-20T18:59	disciplina	R3-park	R3-park		ok	yes	2026-09-20T18:08		work
/Users/ivanyakovlev/Documents/GitHub/disciplina-wt/monotonnost-zakona	worktree	https://github.com/d1-d57/disciplina.git	zahod/monotonnost-zakona	main	1	1	2	2	216.7	2026-08-06T04:08	2026-09-21T01:59	4977	2026-09-21T02:00	disciplina	R3-park	R3-park		ok	yes	2026-09-20T23:44		work
/Users/ivanyakovlev/Documents/GitHub/disciplina-wt/mutaciya-zakona-zakrytiya	worktree	https://github.com/d1-d57/disciplina.git	zahod/mutaciya-zakona-zakrytiya	main	0	1	1	1	238.9	2026-08-06T04:08	2026-09-24T00:56	7358	2026-09-24T01:02	disciplina	R3-park	R3-park		ok	no	2026-09-24T00:30		work
/Users/ivanyakovlev/Documents/GitHub/disciplina-wt/nadzor-volny-iz-cowork	worktree	https://github.com/d1-d57/disciplina.git	zahod/nadzor-volny-iz-cowork	main	0	1	1	1	225.5	2026-08-06T04:08	2026-09-23T11:00	5985	2026-09-23T11:07	disciplina	R3-park	R3-park		ok	yes	2026-09-23T10:41		work
/Users/ivanyakovlev/Documents/GitHub/disciplina-wt/opis-komponentov	worktree	https://github.com/d1-d57/disciplina.git	zahod/opis-komponentov	main	0	1	1	1	229.5	2026-08-06T04:08	2026-09-23T13:10	6150	2026-09-23T13:14	disciplina	R3-park	R3-park		ok	yes	2026-09-23T12:47		work
/Users/ivanyakovlev/Documents/GitHub/disciplina-wt/opisaniya-i-yazyk	worktree	https://github.com/d1-d57/disciplina.git	(detached)	main	0	1	1	1	110.6	2026-08-06T04:08	2026-08-24T21:56	560	2026-08-24T23:54	disciplina	R10-wt-residue	R3-park		ok	yes	2026-08-24T23:19		scratch-only
/Users/ivanyakovlev/Documents/GitHub/disciplina-wt/ostatok-generatora	worktree	https://github.com/d1-d57/disciplina.git	zahod/ostatok-generatora	main	0	1	1	1	113.8	2026-08-06T04:08	2026-08-25T23:28	656	2026-08-26T01:37	disciplina	R10-wt-residue	R3-park		ok	yes	2026-08-25T12:03		scratch-only
/Users/ivanyakovlev/Documents/GitHub/disciplina-wt/otsechki-vo-vseh-domah-pokrytie-po-korpusu	worktree	https://github.com/d1-d57/disciplina.git	(detached)	main	0	0	0	0	190.7	2026-08-06T04:08	2026-09-06T04:38	3068	2026-09-06T04:38	disciplina	R9-wt-done	R1-ok		ok	yes	2026-09-06T02:58		
/Users/ivanyakovlev/Documents/GitHub/disciplina-wt/pechat-imeni-ne-vyzov	worktree	https://github.com/d1-d57/disciplina.git	zahod/pechat-imeni-ne-vyzov	main	0	0	0	0	221.6	2026-08-06T04:08	2026-09-23T00:00	5504	2026-09-23T00:06	disciplina	R9-wt-done	R1-ok		ok	yes	2026-09-23T00:06		
/Users/ivanyakovlev/Documents/GitHub/disciplina-wt/peredacha-golovy-odnoj-komandoj	worktree	https://github.com/d1-d57/disciplina.git	zahod/peredacha-golovy-odnoj-komandoj	main	1	1	2	2	223.1	2026-08-06T04:08	2026-09-23T02:25	5658	2026-09-23T02:28	disciplina	R3-park	R3-park		ok	yes	2026-09-23T02:07		work
/Users/ivanyakovlev/Documents/GitHub/disciplina-wt/peredacha-ne-stiraet-ruchnoe	worktree	https://github.com/d1-d57/disciplina.git	zahod/peredacha-ne-stiraet-ruchnoe	main	0	1	1	1	233.7	2026-08-06T04:08	2026-09-23T17:21	6637	2026-09-23T17:34	disciplina	R3-park	R3-park		ok	no	2026-09-23T16:54		work
/Users/ivanyakovlev/Documents/GitHub/disciplina-wt/peresud-k-zhivoj-forme	worktree	https://github.com/d1-d57/disciplina.git	zahod/peresud-k-zhivoj-forme	main	0	0	0	0	219.5	2026-08-06T04:08	2026-09-21T15:27	5305	2026-09-21T15:20	disciplina	R9-wt-done	R1-ok		ok	yes	2026-09-21T13:50		
/Users/ivanyakovlev/Documents/GitHub/disciplina-wt/perevod-korpusa-1	worktree	https://github.com/d1-d57/disciplina.git	(detached)	main	1	0	1	1	159.3	2026-08-06T04:08	2026-09-02T16:16	2076	2026-09-02T16:20	disciplina	R3-park	R3-park		ok	yes	2026-09-02T07:01		work
/Users/ivanyakovlev/Documents/GitHub/disciplina-wt/perevod-korpusa-3	worktree	https://github.com/d1-d57/disciplina.git	(detached)	main	3	0	3	3	159.6	2026-08-06T04:08	2026-09-02T16:41	2071	2026-09-02T16:46	disciplina	R3-park	R3-park		ok	yes	2026-09-02T07:03		work
/Users/ivanyakovlev/Documents/GitHub/disciplina-wt/perevod-workflow-obzor	worktree	https://github.com/d1-d57/disciplina.git	zahod/perevod-workflow-obzor	main	1	0	1	1	144.2	2026-08-06T04:08	2026-08-30T19:31	1439	2026-08-30T21:31	disciplina	R10-wt-residue	R3-park		ok	yes	2026-08-30T21:18		generated-only
/Users/ivanyakovlev/Documents/GitHub/disciplina-wt/perimetr-gejtov-skilly	worktree	https://github.com/d1-d57/disciplina.git	zahod/perimetr-gejtov-skilly	main	0	1	1	1	226.8	2026-08-06T04:08	2026-09-23T12:30	6016	2026-09-23T12:50	disciplina	R3-park	R3-park		ok	yes	2026-09-23T11:05		work
/Users/ivanyakovlev/Documents/GitHub/disciplina-wt/plagin-md-hook-matcher	worktree	https://github.com/d1-d57/disciplina.git	zahod/plagin-md-hook-matcher	main	0	1	1	1	236.9	2026-08-06T04:08	2026-09-23T22:10	7118	2026-09-23T22:12	disciplina	R3-park	R3-park		ok	no	2026-09-23T21:26		work
/Users/ivanyakovlev/Documents/GitHub/disciplina-wt/pochta-dver	worktree	https://github.com/d1-d57/disciplina.git	zahod/pochta-dver	main	0	1	1	1	238.6	2026-08-06T04:08	2026-09-23T23:50	7304	2026-09-23T23:58	disciplina	R3-park	R3-park		ok	no	2026-09-23T23:33		work
/Users/ivanyakovlev/Documents/GitHub/disciplina-wt/podmetanie-dvazhdy-za-volnu	worktree	https://github.com/d1-d57/disciplina.git	zahod/podmetanie-dvazhdy-za-volnu	main	0	0	0	0	217.4	2026-08-06T04:08	2026-09-21T03:28	5077	2026-09-21T03:31	disciplina	R9-wt-done	R1-ok		ok	yes	2026-09-20T23:46		
/Users/ivanyakovlev/Documents/GitHub/disciplina-wt/podmetanie-raz-na-volnu	worktree	https://github.com/d1-d57/disciplina.git	zahod/podmetanie-raz-na-volnu	main	0	0	0	0	221.8	2026-08-06T04:08	2026-09-21T15:39	5293	2026-09-21T15:36	disciplina	R9-wt-done	R1-ok		ok	yes	2026-09-21T13:51		
/Users/ivanyakovlev/Documents/GitHub/disciplina-wt/podyom-iz-osnovnogo-dereva	worktree	https://github.com/d1-d57/disciplina.git	zahod/podyom-iz-osnovnogo-dereva	main	1	0	1	1	236.7	2026-08-06T04:08	2026-09-24T05:44	7024	2026-09-24T05:44	disciplina	R3-park	R3-park		ok	no	2026-09-23T20:36		generated-only
/Users/ivanyakovlev/Documents/GitHub/disciplina-wt/pokrytie-chtenie-i-klassifikaciya	worktree	https://github.com/d1-d57/disciplina.git	zahod/pokrytie-chtenie-i-klassifikaciya	main	0	0	0	0	209.7	2026-08-06T04:08	2026-09-17T12:05	4377	2026-09-17T12:06	disciplina	R9-wt-done	R1-ok		ok	yes	2026-09-17T12:06		
/Users/ivanyakovlev/Documents/GitHub/disciplina-wt/pokrytie-geyt-i-schyotchik	worktree	https://github.com/d1-d57/disciplina.git	zahod/pokrytie-geyt-i-schyotchik	main	0	0	0	0	262.0	2026-08-06T04:08	2026-09-17T12:32	4380	2026-09-17T12:32	disciplina	R9-wt-done	R1-ok		ok	yes	2026-09-17T12:06		
/Users/ivanyakovlev/Documents/GitHub/disciplina-wt/pole-zakryt-u-uroka	worktree	https://github.com/d1-d57/disciplina.git	zahod/pole-zakryt-u-uroka	main	1	0	1	1	218.5	2026-08-06T04:08	2026-09-21T14:51	5243	2026-09-21T14:55	disciplina	R3-park	R3-park		ok	yes	2026-09-21T13:50		work
/Users/ivanyakovlev/Documents/GitHub/disciplina-wt/potok-3-skilly	worktree	https://github.com/d1-d57/disciplina.git	zahod/potok-3-skilly	main	0	2	2	2	151.3	2026-08-06T04:08	2026-08-31T21:19	1704	2026-08-31T23:41	disciplina	R3-park	R3-park		ok	yes	2026-08-31T23:16		work
/Users/ivanyakovlev/Documents/GitHub/disciplina-wt/potok-4-vynos	worktree	https://github.com/d1-d57/disciplina.git	zahod/potok-4-vynos	main	1	0	1	1	154.1	2026-08-06T04:08	2026-08-31T23:05	1819	2026-09-01T01:05	disciplina	R3-park	R3-park		ok	yes	2026-08-31T23:16		work
/Users/ivanyakovlev/Documents/GitHub/disciplina-wt/potok-zapuska-i-cena	worktree	https://github.com/d1-d57/disciplina.git	zahod/potok-zapuska-i-cena	main	0	0	0	0	270.8	2026-08-06T04:08	2026-09-21T14:25	5245	2026-09-21T14:25	disciplina	R9-wt-done	R1-ok		ok	yes	2026-09-21T13:49		
/Users/ivanyakovlev/Documents/GitHub/disciplina-wt/potolok-iz-mandata	worktree	https://github.com/d1-d57/disciplina.git	zahod/potolok-iz-mandata	main	0	1	1	1	222.3	2026-08-06T04:08	2026-09-23T01:35	5564	2026-09-23T01:36	disciplina	R3-park	R3-park		ok	no	2026-09-23T00:59		work
/Users/ivanyakovlev/Documents/GitHub/disciplina-wt/pozitsiya-lyogkaya	worktree	https://github.com/d1-d57/disciplina.git	zahod/pozitsiya-lyogkaya	main	0	1	1	1	237.0	2026-08-06T04:08	2026-09-23T21:51	7121	2026-09-23T21:54	disciplina	R3-park	R3-park		ok	no	2026-09-23T21:30		work
/Users/ivanyakovlev/Documents/GitHub/disciplina-wt/pre-commit-obhod-dveryu	worktree	https://github.com/d1-d57/disciplina.git	zahod/pre-commit-obhod-dveryu	main	0	1	1	1	233.2	2026-08-06T04:08	2026-09-23T17:03	6578	2026-09-23T17:07	disciplina	R3-park	R3-park		ok	no	2026-09-23T16:29		work
/Users/ivanyakovlev/Documents/GitHub/disciplina-wt/pre-commit-odin-diff	worktree	https://github.com/d1-d57/disciplina.git	zahod/pre-commit-odin-diff	main	0	1	1	1	237.0	2026-08-06T04:08	2026-09-23T22:33	7118	2026-09-23T22:34	disciplina	R3-park	R3-park		ok	no	2026-09-23T21:26		work
/Users/ivanyakovlev/Documents/GitHub/disciplina-wt/predlozhenie-yadra-skilla	worktree	https://github.com/d1-d57/disciplina.git	zahod/predlozhenie-yadra-skilla	main	0	1	1	1	226.9	2026-08-06T04:08	2026-09-23T14:49	6026	2026-09-23T15:00	disciplina	R3-park	R3-park		ok	yes	2026-09-23T11:02		work
/Users/ivanyakovlev/Documents/GitHub/disciplina-wt/prichina-otkaza-besplatnyh-i-ohvat-gejta	worktree	https://github.com/d1-d57/disciplina.git	(detached)	main	0	0	0	0	256.0	2026-08-06T04:08	2026-09-13T21:50	3933	2026-09-13T21:50	disciplina	R9-wt-done	R1-ok		ok	yes	2026-09-13T21:11		
/Users/ivanyakovlev/Documents/GitHub/disciplina-wt/privyazka-golovy-k-huku	worktree	https://github.com/d1-d57/disciplina.git	zahod/privyazka-golovy-k-huku	main	1	0	1	1	196.3	2026-08-06T04:08	2026-09-06T16:25	3392	2026-09-06T16:33	disciplina	R10-wt-residue	R3-park		ok	yes	2026-09-06T15:57		generated-only
/Users/ivanyakovlev/Documents/GitHub/disciplina-wt/priyomka-cherez-priyomshchika	worktree	https://github.com/d1-d57/disciplina.git	zahod/priyomka-cherez-priyomshchika	main	0	1	1	1	286.7	2026-08-06T04:08	2026-09-23T17:36	6688	2026-09-23T17:41	disciplina	R3-park	R3-park		ok	no	2026-09-23T11:02		work
/Users/ivanyakovlev/Documents/GitHub/disciplina-wt/priyomka-trebuet-gejt-sborki	worktree	https://github.com/d1-d57/disciplina.git	(detached)	main	1	0	1	1	255.5	2026-08-06T04:08	2026-09-13T19:50	3858	2026-09-13T19:58	disciplina	R10-wt-residue	R3-park		ok	yes	2026-09-13T01:49		generated-only
/Users/ivanyakovlev/Documents/GitHub/disciplina-wt/priyomka-volny-5	worktree	https://github.com/d1-d57/disciplina.git	zahod/priyomka-volny-5	main	0	1	1	1	122.0	2026-08-06T04:08	2026-08-26T12:11	748	2026-08-26T14:09	disciplina	R10-wt-residue	R3-park		ok	yes	2026-08-26T13:05		scratch-only
/Users/ivanyakovlev/Documents/GitHub/disciplina-wt/priyomshchik-kak-rol	worktree	https://github.com/d1-d57/disciplina.git	zahod/priyomshchik-kak-rol	main	0	1	1	1	216.6	2026-08-06T04:08	2026-09-21T01:06	4946	2026-09-21T01:08	disciplina	R3-park	R3-park		ok	yes	2026-09-20T23:44		work
/Users/ivanyakovlev/Documents/GitHub/disciplina-wt/produkt-a-ne-dvizhenie	worktree	https://github.com/d1-d57/disciplina.git	zahod/produkt-a-ne-dvizhenie	main	0	0	0	0	219.4	2026-08-06T04:08	2026-09-21T15:22	5294	2026-09-21T15:22	disciplina	R9-wt-done	R1-ok		ok	yes	2026-09-21T13:51		
/Users/ivanyakovlev/Documents/GitHub/disciplina-wt/puls-statusline	worktree	https://github.com/d1-d57/disciplina.git	zahod/puls-statusline	main	0	1	1	1	234.6	2026-08-06T04:08	2026-09-23T18:08	6761	2026-09-23T19:41	disciplina	R3-park	R3-park		ok	no	2026-09-23T17:55		work
/Users/ivanyakovlev/Documents/GitHub/disciplina-wt/puskovaya-tablica-komandoj	worktree	https://github.com/d1-d57/disciplina.git	zahod/puskovaya-tablica-komandoj	main	0	1	1	1	216.6	2026-08-06T04:08	2026-09-21T01:23	4945	2026-09-21T01:26	disciplina	R3-park	R3-park		ok	yes	2026-09-20T23:45		work
/Users/ivanyakovlev/Documents/GitHub/disciplina-wt/pustoj-pul-sobytie	worktree	https://github.com/d1-d57/disciplina.git	zahod/pustoj-pul-sobytie	main	0	1	1	1	270.4	2026-08-06T04:08	2026-09-21T08:55	5207	2026-09-21T09:03	disciplina	R3-park	R3-park		ok	yes	2026-09-20T23:46		work
/Users/ivanyakovlev/Documents/GitHub/disciplina-wt/puti-generator-i-linter	worktree	https://github.com/d1-d57/disciplina.git	zahod/puti-generator-i-linter	main	0	1	1	1	279.2	2026-08-06T04:08	2026-09-23T14:24	6016	2026-09-23T14:32	disciplina	R3-park	R3-park		ok	yes	2026-09-23T11:05		work
/Users/ivanyakovlev/Documents/GitHub/disciplina-wt/puti-otnositelno-worktree	worktree	https://github.com/d1-d57/disciplina.git	zahod/puti-otnositelno-worktree	main	0	0	0	0	261.8	2026-08-06T04:08	2026-09-17T11:38	4352	2026-09-17T11:45	disciplina	R9-wt-done	R1-ok		ok	yes	2026-09-17T10:29		
/Users/ivanyakovlev/Documents/GitHub/disciplina-wt/razmetka-urokov-orkestratora	worktree	https://github.com/d1-d57/disciplina.git	zahod/razmetka-urokov-orkestratora	main	0	0	0	0	222.6	2026-08-06T04:08	2026-09-23T01:51	5631	2026-09-23T01:52	disciplina	R9-wt-done	R1-ok		ok	yes	2026-09-23T01:52		
/Users/ivanyakovlev/Documents/GitHub/disciplina-wt/razrez-plan-lekcii-2	worktree	https://github.com/d1-d57/disciplina.git	zahod/razrez-plan-lekcii-2	main	1	0	1	1	124.6	2026-08-06T04:08	2026-08-27T02:19	885	2026-08-27T04:18	disciplina	R10-wt-residue	R3-park		ok	yes	2026-08-27T04:05		generated-only
/Users/ivanyakovlev/Documents/GitHub/disciplina-wt/razrez-slajdy	worktree	https://github.com/d1-d57/disciplina.git	(detached)	main	0	1	1	1	111.5	2026-08-06T04:08	2026-08-25T01:56	590	2026-08-25T03:54	disciplina	R10-wt-residue	R3-park		ok	yes	2026-08-25T02:32		scratch-only
/Users/ivanyakovlev/Documents/GitHub/disciplina-wt/reestr-zdorovya-kanalov	worktree	https://github.com/d1-d57/disciplina.git	zahod/reestr-zdorovya-kanalov	main	0	0	0	0	210.7	2026-08-06T04:08	2026-09-20T08:26	4612	2026-09-20T09:05	disciplina	R9-wt-done	R1-ok		ok	yes	2026-09-20T09:05		
/Users/ivanyakovlev/Documents/GitHub/disciplina-wt/reestr-zhivosti-chto-meryaet	worktree	https://github.com/d1-d57/disciplina.git	zahod/reestr-zhivosti-chto-meryaet	main	0	1	1	1	268.9	2026-08-06T04:08	2026-09-21T03:36	4945	2026-09-21T03:37	disciplina	R3-park	R3-park		ok	yes	2026-09-20T23:45		work
/Users/ivanyakovlev/Documents/GitHub/disciplina-wt/registraciya-pri-puske	worktree	https://github.com/d1-d57/disciplina.git	zahod/registraciya-pri-puske	main	0	1	1	1	264.8	2026-08-06T04:08	2026-09-20T18:52	4737	2026-09-20T18:53	disciplina	R3-park	R3-park		ok	yes	2026-09-20T16:14		work
/Users/ivanyakovlev/Documents/GitHub/disciplina-wt/reviziya-metki-chernyj-kvadrat	worktree	https://github.com/d1-d57/disciplina.git	(detached)	main	0	0	0	0	190.7	2026-08-06T04:08	2026-09-06T04:20	3064	2026-09-06T04:20	disciplina	R9-wt-done	R1-ok		ok	yes	2026-09-06T02:53		
/Users/ivanyakovlev/Documents/GitHub/disciplina-wt/rezolver-fajl-v-skille	worktree	https://github.com/d1-d57/disciplina.git	zahod/rezolver-fajl-v-skille	main	0	1	1	1	222.3	2026-08-06T04:08	2026-09-23T01:14	5564	2026-09-23T01:16	disciplina	R3-park	R3-park		ok	yes	2026-09-23T00:58		work
/Users/ivanyakovlev/Documents/GitHub/disciplina-wt/rol-subagenta-kontrakt	worktree	https://github.com/d1-d57/disciplina.git	zahod/rol-subagenta-kontrakt	main	1	0	1	1	267.6	2026-08-06T04:08	2026-09-21T00:51	4914	2026-09-21T02:14	disciplina	R3-park	R3-park		ok	no	2026-09-20T23:42		work
/Users/ivanyakovlev/Documents/GitHub/disciplina-wt/roli-i-dver-brifa	worktree	https://github.com/d1-d57/disciplina.git	zahod/roli-i-dver-brifa	main	1	0	1	1	209.4	2026-08-06T04:08	2026-09-17T11:01	4350	2026-09-17T11:00	disciplina	R3-park	R3-park		ok	no	2026-09-17T10:43		generated-only
/Users/ivanyakovlev/Documents/GitHub/disciplina-wt/roli-po-kontraktu-i-kommiter	worktree	https://github.com/d1-d57/disciplina.git	zahod/roli-po-kontraktu-i-kommiter	main	0	1	1	1	268.9	2026-08-06T04:08	2026-09-21T05:17	4946	2026-09-21T05:18	disciplina	R3-park	R3-park		ok	yes	2026-09-20T23:47		work
/Users/ivanyakovlev/Documents/GitHub/disciplina-wt/rychagi-illustracii-matematika-2	worktree	https://github.com/d1-d57/disciplina.git	zahod/rychagi-illustracii-matematika-2	main	1	0	1	1	124.8	2026-08-06T04:08	2026-08-27T02:38	887	2026-08-27T04:44	disciplina	R3-park	R3-park		ok	yes	2026-08-27T04:07		work
/Users/ivanyakovlev/Documents/GitHub/disciplina-wt/sborka-s4-s7	worktree	https://github.com/d1-d57/disciplina.git	zahod/sborka-s4-s7	main	0	1	1	1	262.0	2026-08-06T04:08	2026-09-17T19:33	4383	2026-09-17T19:37	disciplina	R3-park	R3-park		ok	yes	2026-09-17T12:06		work
/Users/ivanyakovlev/Documents/GitHub/disciplina-wt/sborshchik-chetyre-roli	worktree	https://github.com/d1-d57/disciplina.git	zahod/sborshchik-chetyre-roli	main	0	1	1	1	226.9	2026-08-06T04:08	2026-09-23T13:37	6021	2026-09-23T13:41	disciplina	R3-park	R3-park		ok	yes	2026-09-23T11:02		work
/Users/ivanyakovlev/Documents/GitHub/disciplina-wt/sborshchik-i-vedushchij-porog-ostanovki-razvilki	worktree	https://github.com/d1-d57/disciplina.git	zahod/sborshchik-i-vedushchij-porog-ostanovki-razvilki	main	0	0	0	0	185.4	2026-08-06T04:08	2026-09-04T01:47	2808	2026-09-04T01:44	disciplina	R9-wt-done	R1-ok		ok	yes	2026-09-04T01:11		
/Users/ivanyakovlev/Documents/GitHub/disciplina-wt/schet-rychagov-i-rol-hod	worktree	https://github.com/d1-d57/disciplina.git	zahod/schet-rychagov-i-rol-hod	main	0	0	0	0	222.6	2026-08-06T04:08	2026-09-23T01:53	5634	2026-09-23T02:18	disciplina	R9-wt-done	R1-ok		ok	yes	2026-09-23T02:18		
/Users/ivanyakovlev/Documents/GitHub/disciplina-wt/schetchik-bez-rychaga	worktree	https://github.com/d1-d57/disciplina.git	zahod/schetchik-bez-rychaga	main	0	1	1	1	213.7	2026-08-06T04:08	2026-09-20T18:03	4749	2026-09-20T18:06	disciplina	R3-park	R3-park		ok	yes	2026-09-20T16:37		work
/Users/ivanyakovlev/Documents/GitHub/disciplina-wt/sdk-pilot	worktree	https://github.com/d1-d57/disciplina.git	zahod/sdk-pilot	main	0	1	1	1	234.8	2026-08-06T04:08	2026-09-23T18:43	6765	2026-09-23T19:43	disciplina	R3-park	R3-park		ok	no	2026-09-23T17:55		work
/Users/ivanyakovlev/Documents/GitHub/disciplina-wt/skill-dajdzhest-dovodka	worktree	https://github.com/d1-d57/disciplina.git	zahod/skill-dajdzhest-dovodka	main	0	1	1	1	113.8	2026-08-06T04:08	2026-08-26T02:39	660	2026-08-26T04:39	disciplina	R10-wt-residue	R3-park		ok	yes	2026-08-25T12:04		scratch-only
/Users/ivanyakovlev/Documents/GitHub/disciplina-wt/skill-reserch-dovodka	worktree	https://github.com/d1-d57/disciplina.git	zahod/skill-reserch-dovodka	main	0	1	1	1	113.7	2026-08-06T04:08	2026-08-26T02:43	660	2026-08-26T04:43	disciplina	R10-wt-residue	R3-park		ok	yes	2026-08-25T12:04		scratch-only
/Users/ivanyakovlev/Documents/GitHub/disciplina-wt/sklejka	worktree	https://github.com/d1-d57/disciplina.git	zahod/sklejka-sajta-i-vhoda	main	0	0	0	0	197.6	2026-08-06T04:08	2026-09-07T00:52	3457	2026-09-07T00:52	disciplina	R9-wt-done	R1-ok		ok	yes	2026-09-06T20:07		
/Users/ivanyakovlev/Documents/GitHub/disciplina-wt/skvoznoj-progon	worktree	https://github.com/d1-d57/disciplina.git	zahod/skvoznoj-progon	main	0	1	1	1	118.5	2026-08-06T04:08	2026-08-25T23:48	657	2026-08-26T01:48	disciplina	R10-wt-residue	R3-park		ok	yes	2026-08-25T12:03		scratch-only
/Users/ivanyakovlev/Documents/GitHub/disciplina-wt/slabye-mesta	worktree	https://github.com/d1-d57/disciplina.git	zahod/slabye-mesta	main	0	1	1	1	228.0	2026-08-06T04:08	2026-09-23T13:41	6148	2026-09-23T13:47	disciplina	R3-park	R3-park		ok	yes	2026-09-23T12:47		work
/Users/ivanyakovlev/Documents/GitHub/disciplina-wt/slim-preambula-zahoda	worktree	https://github.com/d1-d57/disciplina.git	(detached)	main	1	0	1	1	214.8	2026-08-06T04:08	2026-09-13T13:36	3721	2026-09-13T13:58	disciplina	R10-wt-residue	R3-park		ok	yes	2026-09-13T13:21		generated-only
/Users/ivanyakovlev/Documents/GitHub/disciplina-wt/snimok-dolga-nazyvaet-ref	worktree	https://github.com/d1-d57/disciplina.git	(detached)	main	1	0	1	1	201.5	2026-08-06T04:08	2026-09-13T18:26	3698	2026-09-13T18:30	disciplina	R10-wt-residue	R3-park		ok	yes	2026-09-13T01:49		generated-only
/Users/ivanyakovlev/Documents/GitHub/disciplina-wt/snimok-nazyvaet-avtora-2	worktree	https://github.com/d1-d57/disciplina.git	zahod/snimok-nazyvaet-avtora-2	main	0	0	0	0	268.6	2026-08-06T04:08	2026-09-21T16:13	5329	2026-09-21T16:09	disciplina	R9-wt-done	R1-ok		ok	yes	2026-09-21T13:52		
/Users/ivanyakovlev/Documents/GitHub/disciplina-wt/snimok-nazyvaet-avtora	worktree	https://github.com/d1-d57/disciplina.git	zahod/snimok-nazyvaet-avtora	main	3	0	3	3	217.4	2026-08-06T04:08	2026-09-21T09:08	5078	2026-09-21T09:11	disciplina	R3-park	R3-park		ok	no	2026-09-20T23:46		work
/Users/ivanyakovlev/Documents/GitHub/disciplina-wt/sostav-mnozhestva-i-mandat	worktree	https://github.com/d1-d57/disciplina.git	zahod/sostav-mnozhestva-i-mandat	main	0	1	1	1	222.3	2026-08-06T04:08	2026-09-23T01:26	5565	2026-09-23T01:28	disciplina	R3-park	R3-park		ok	yes	2026-09-23T00:59		work
/Users/ivanyakovlev/Documents/GitHub/disciplina-wt/sostav-s-zavisimostyami	worktree	https://github.com/d1-d57/disciplina.git	(detached)	main	1	0	1	1	201.1	2026-08-06T04:08	2026-09-13T15:47	3692	2026-09-13T15:52	disciplina	R10-wt-residue	R3-park		ok	yes	2026-09-13T01:47		generated-only
/Users/ivanyakovlev/Documents/GitHub/disciplina-wt/sostav-zhurnal-i-prichiny-po-id	worktree	https://github.com/d1-d57/disciplina.git	zahod/sostav-zhurnal-i-prichiny-po-id	main	2	2	4	4	262.0	2026-08-06T04:08	2026-09-17T17:22	4380	2026-09-17T17:36	disciplina	R3-park	R3-park		ok	yes	2026-09-17T12:06		work
/Users/ivanyakovlev/Documents/GitHub/disciplina-wt/sostav-zona-chuzhoj-volny	worktree	https://github.com/d1-d57/disciplina.git	zahod/sostav-zona-chuzhoj-volny	main	0	1	1	1	226.8	2026-08-06T04:08	2026-09-23T11:52	6015	2026-09-23T11:53	disciplina	R3-park	R3-park		ok	yes	2026-09-23T11:01		work
/Users/ivanyakovlev/Documents/GitHub/disciplina-wt/sovet-pri-sborke-zahoda	worktree	https://github.com/d1-d57/disciplina.git	zahod/sovet-pri-sborke-zahoda	main	0	1	1	1	217.4	2026-08-06T04:08	2026-09-21T05:21	5080	2026-09-21T05:25	disciplina	R3-park	R3-park		ok	yes	2026-09-20T23:47		work
/Users/ivanyakovlev/Documents/GitHub/disciplina-wt/srok-voskresheniya-parametrom	worktree	https://github.com/d1-d57/disciplina.git	zahod/srok-voskresheniya-parametrom	main	1	0	1	1	219.7	2026-08-06T04:08	2026-09-21T16:39	5353	2026-09-21T16:39	disciplina	R10-wt-residue	R3-park		ok	yes	2026-09-21T13:53		generated-only
/Users/ivanyakovlev/Documents/GitHub/disciplina-wt/stroka-kruga-polya	worktree	https://github.com/d1-d57/disciplina.git	zahod/stroka-kruga-polya	main	0	1	1	1	233.2	2026-08-06T04:08	2026-09-23T17:26	6578	2026-09-23T17:32	disciplina	R3-park	R3-park		ok	no	2026-09-23T16:25		work
/Users/ivanyakovlev/Documents/GitHub/disciplina-wt/sud-nad-218-urokami-partiyami	worktree	https://github.com/d1-d57/disciplina.git	(detached)	main	0	0	0	0	193.9	2026-08-06T04:08	2026-09-06T04:45	3087	2026-09-06T04:54	disciplina	R9-wt-done	R1-ok		ok	yes	2026-09-06T02:59		
/Users/ivanyakovlev/Documents/GitHub/disciplina-wt/sudit-urok	worktree	https://github.com/d1-d57/disciplina.git	zahod/sudit-urok	main	1	1	2	2	213.8	2026-08-06T04:08	2026-09-20T17:42	4751	2026-09-20T17:43	disciplina	R3-park	R3-park		ok	yes	2026-09-20T16:36		work
/Users/ivanyakovlev/Documents/GitHub/disciplina-wt/sudya-ne-perepisyvaet-cheloveka	worktree	https://github.com/d1-d57/disciplina.git	zahod/sudya-ne-perepisyvaet-cheloveka	main	1	1	2	2	262.0	2026-08-06T04:08	2026-09-17T19:12	4383	2026-09-17T19:14	disciplina	R3-park	R3-park		ok	no	2026-09-17T15:55		work
/Users/ivanyakovlev/Documents/GitHub/disciplina-wt/svedenie-uzlov-1	worktree	https://github.com/d1-d57/disciplina.git	zahod/svedenie-uzlov-1	main	0	1	1	1	230.1	2026-08-06T04:08	2026-09-23T13:36	6248	2026-09-23T13:38	disciplina	R3-park	R3-park		ok	yes	2026-09-23T13:26		work
/Users/ivanyakovlev/Documents/GitHub/disciplina-wt/svedenie-uzlov-2	worktree	https://github.com/d1-d57/disciplina.git	zahod/svedenie-uzlov-2	main	0	1	1	1	231.3	2026-08-06T04:08	2026-09-23T14:07	6319	2026-09-23T14:24	disciplina	R3-park	R3-park		ok	yes	2026-09-23T13:51		work
/Users/ivanyakovlev/Documents/GitHub/disciplina-wt/svedenie-uzlov-3	worktree	https://github.com/d1-d57/disciplina.git	zahod/svedenie-uzlov-3	main	0	1	1	1	231.7	2026-08-06T04:08	2026-09-23T14:55	6397	2026-09-23T15:02	disciplina	R3-park	R3-park		ok	yes	2026-09-23T14:19		work
/Users/ivanyakovlev/Documents/GitHub/disciplina-wt/svedenie-uzlov-4	worktree	https://github.com/d1-d57/disciplina.git	zahod/svedenie-uzlov-4	main	0	0	0	0	239.5	2026-08-06T04:08	2026-09-24T02:59	7489	2026-09-24T02:59	disciplina	R2-push	R2-push		ok	no	2026-09-24T02:06		
/Users/ivanyakovlev/Documents/GitHub/disciplina-wt/sverka-otchyota-s-diskom	worktree	https://github.com/d1-d57/disciplina.git	zahod/sverka-otchyota-s-diskom	main	0	3	3	3	217.5	2026-08-06T04:08	2026-09-21T04:50	5082	2026-09-21T04:51	disciplina	R3-park	R3-park		ok	yes	2026-09-20T23:47		work
/Users/ivanyakovlev/Documents/GitHub/disciplina-wt/svyaz-cepi-reestr	worktree	https://github.com/d1-d57/disciplina.git	zahod/svyaz-cepi-reestr	main	0	1	1	1	215.3	2026-08-06T04:08	2026-09-21T00:47	4915	2026-09-21T00:49	disciplina	R3-park	R3-park		ok	yes	2026-09-20T23:45		work
/Users/ivanyakovlev/Documents/GitHub/disciplina-wt/svyaz-cepi	worktree	https://github.com/d1-d57/disciplina.git	zahod/svyaz-cepi	main	0	1	1	1	214.8	2026-08-06T04:08	2026-09-20T20:44	4859	2026-09-20T20:54	disciplina	R3-park	R3-park		ok	yes	2026-09-20T16:48		work
/Users/ivanyakovlev/Documents/GitHub/disciplina-wt/tekst-zadachi-u-kazhdoj-temy	worktree	https://github.com/d1-d57/disciplina.git	zahod/tekst-zadachi-u-kazhdoj-temy	main	0	0	0	0	218.4	2026-08-06T04:08	2026-09-21T14:38	5243	2026-09-21T14:38	disciplina	R9-wt-done	R1-ok		ok	yes	2026-09-21T13:50		
/Users/ivanyakovlev/Documents/GitHub/disciplina-wt/tip-i-dom-mashinoj	worktree	https://github.com/d1-d57/disciplina.git	zahod/tip-i-dom-mashinoj	main	0	1	1	1	268.9	2026-08-06T04:08	2026-09-21T02:38	4948	2026-09-21T02:40	disciplina	R3-park	R3-park		ok	yes	2026-09-20T23:45		work
/Users/ivanyakovlev/Documents/GitHub/disciplina-wt/tipologiya-urokov	worktree	https://github.com/d1-d57/disciplina.git	zahod/tipologiya-urokov	main	2	2	4	4	264.6	2026-08-06T04:08	2026-09-20T16:38	4725	2026-09-20T16:46	disciplina	R3-park	R3-park		ok	yes	2026-09-20T15:38		work
/Users/ivanyakovlev/Documents/GitHub/disciplina-wt/tyazhelaya-po-odnoj	worktree	https://github.com/d1-d57/disciplina.git	zahod/tyazhelaya-po-odnoj	main	0	1	1	1	236.6	2026-08-06T04:08	2026-09-23T20:33	6968	2026-09-23T20:43	disciplina	R3-park	R3-park		ok	no	2026-09-23T20:09		work
/Users/ivanyakovlev/Documents/GitHub/disciplina-wt/uzel-f0-mandat	worktree	https://github.com/d1-d57/disciplina.git	zahod/uzel-f0-mandat	main	0	0	0	0	234.7	2026-08-06T04:08	2026-09-24T01:04	6769	2026-09-23T23:56	disciplina	R2-push	R2-push		ok	no	2026-09-23T17:54		
/Users/ivanyakovlev/Documents/GitHub/disciplina-wt/uzel-f0-sborka	worktree	https://github.com/d1-d57/disciplina.git	zahod/uzel-f0-sborka	main	0	1	1	1	223.7	2026-08-06T04:08	2026-09-23T04:24	5753	2026-09-23T04:26	disciplina	R3-park	R3-park		ok	yes	2026-09-23T03:53		work
/Users/ivanyakovlev/Documents/GitHub/disciplina-wt/uzel-f0-sostav-2	worktree	https://github.com/d1-d57/disciplina.git	zahod/uzel-f0-sostav-2	main	0	1	1	1	272.8	2026-08-06T04:08	2026-09-23T20:44	6640	2026-09-23T20:53	disciplina	R3-park	R3-park		ok	no	2026-09-23T16:49		work
/Users/ivanyakovlev/Documents/GitHub/disciplina-wt/uzel-f0-sostav	worktree	https://github.com/d1-d57/disciplina.git	zahod/uzel-f0-sostav	main	0	1	1	1	223.6	2026-08-06T04:08	2026-09-23T03:35	5714	2026-09-23T03:43	disciplina	R3-park	R3-park		ok	yes	2026-09-23T02:36		work
/Users/ivanyakovlev/Documents/GitHub/disciplina-wt/uzel-f0-zahod-2	worktree	https://github.com/d1-d57/disciplina.git	zahod/uzel-f0-zahod-2	main	0	1	1	1	281.9	2026-08-06T04:08	2026-09-23T23:03	6768	2026-09-23T23:07	disciplina	R3-park	R3-park		ok	no	2026-09-23T17:56		work
/Users/ivanyakovlev/Documents/GitHub/disciplina-wt/uzel-f0-zahod	worktree	https://github.com/d1-d57/disciplina.git	zahod/uzel-f0-zahod	main	0	1	1	1	223.8	2026-08-06T04:08	2026-09-23T05:42	5778	2026-09-23T05:53	disciplina	R3-park	R3-park		ok	yes	2026-09-23T04:37		work
/Users/ivanyakovlev/Documents/GitHub/disciplina-wt/uzel-f2-worktree	worktree	https://github.com/d1-d57/disciplina.git	zahod/uzel-f2-worktree	main	0	1	1	1	224.3	2026-08-06T04:08	2026-09-23T06:46	5822	2026-09-23T06:56	disciplina	R3-park	R3-park		ok	yes	2026-09-23T06:03		work
/Users/ivanyakovlev/Documents/GitHub/disciplina-wt/uzel-f2-zadanie	worktree	https://github.com/d1-d57/disciplina.git	zahod/uzel-f2-zadanie	main	0	0	0	0	226.9	2026-08-06T04:08	2026-09-23T13:44	6019	2026-09-23T13:44	disciplina	R9-wt-done	R1-ok		ok	yes	2026-09-23T11:04		
/Users/ivanyakovlev/Documents/GitHub/disciplina-wt/uzel-f3-gigiena	worktree	https://github.com/d1-d57/disciplina.git	zahod/uzel-f3-gigiena	main	0	1	1	1	224.5	2026-08-06T04:08	2026-09-23T09:50	5914	2026-09-23T09:55	disciplina	R3-park	R3-park		ok	yes	2026-09-23T09:32		work
/Users/ivanyakovlev/Documents/GitHub/disciplina-wt/uzel-f3-kruglinia	worktree	https://github.com/d1-d57/disciplina.git	zahod/uzel-f3-kruglinia	main	0	1	1	1	224.3	2026-08-06T04:08	2026-09-23T07:22	5842	2026-09-23T07:29	disciplina	R3-park	R3-park		ok	yes	2026-09-23T07:06		work
/Users/ivanyakovlev/Documents/GitHub/disciplina-wt/uzel-f3-processy	worktree	https://github.com/d1-d57/disciplina.git	zahod/uzel-f3-processy	main	0	1	1	1	226.8	2026-08-06T04:08	2026-09-23T12:12	6015	2026-09-23T12:14	disciplina	R3-park	R3-park		ok	yes	2026-09-23T11:04		work
/Users/ivanyakovlev/Documents/GitHub/disciplina-wt/uzel-f4-vyzhimka	worktree	https://github.com/d1-d57/disciplina.git	zahod/uzel-f4-vyzhimka	main	0	0	0	0	226.8	2026-08-06T04:08	2026-09-24T03:27	6020	2026-09-24T03:27	disciplina	R1-ok	R1-ok		ok	no	2026-09-23T11:04		
/Users/ivanyakovlev/Documents/GitHub/disciplina-wt/uzel-f5-konvejer	worktree	https://github.com/d1-d57/disciplina.git	zahod/uzel-f5-konvejer	main	0	1	1	1	226.8	2026-08-06T04:08	2026-09-23T13:19	6015	2026-09-23T13:24	disciplina	R3-park	R3-park		ok	yes	2026-09-23T11:04		work
/Users/ivanyakovlev/Documents/GitHub/disciplina-wt/uzel-f5-nezakrytoe	worktree	https://github.com/d1-d57/disciplina.git	zahod/uzel-f5-nezakrytoe	main	0	1	1	1	226.8	2026-08-06T04:08	2026-09-23T12:58	6017	2026-09-23T13:00	disciplina	R3-park	R3-park		ok	yes	2026-09-23T11:04		work
/Users/ivanyakovlev/Documents/GitHub/disciplina-wt/uzel-f5-zakon-2	worktree	https://github.com/d1-d57/disciplina.git	zahod/uzel-f5-zakon-2	main	0	1	1	1	233.9	2026-08-06T04:08	2026-09-23T17:40	6648	2026-09-23T17:58	disciplina	R3-park	R3-park		ok	no	2026-09-23T16:59		work
/Users/ivanyakovlev/Documents/GitHub/disciplina-wt/uzel-f5-zakon	worktree	https://github.com/d1-d57/disciplina.git	zahod/uzel-f5-zakon	main	0	1	1	1	225.1	2026-08-06T04:08	2026-09-23T10:40	5960	2026-09-23T10:44	disciplina	R3-park	R3-park		ok	yes	2026-09-23T10:19		work
/Users/ivanyakovlev/Documents/GitHub/disciplina-wt/uzel-f6-dostavka	worktree	https://github.com/d1-d57/disciplina.git	zahod/uzel-f6-dostavka	main	0	1	1	1	224.4	2026-08-06T04:08	2026-09-23T08:11	5859	2026-09-23T08:12	disciplina	R3-park	R3-park		ok	yes	2026-09-23T07:39		work
/Users/ivanyakovlev/Documents/GitHub/disciplina-wt/uzel-f7-hook	worktree	https://github.com/d1-d57/disciplina.git	zahod/uzel-f7-hook	main	0	1	1	1	225.1	2026-08-06T04:08	2026-09-23T10:12	5934	2026-09-23T10:19	disciplina	R3-park	R3-park		ok	yes	2026-09-23T09:55		work
/Users/ivanyakovlev/Documents/GitHub/disciplina-wt/uzel-f7-podklyuchen	worktree	https://github.com/d1-d57/disciplina.git	zahod/uzel-f7-podklyuchen	main	0	1	1	1	226.8	2026-08-06T04:08	2026-09-23T11:53	6020	2026-09-23T11:55	disciplina	R3-park	R3-park		ok	yes	2026-09-23T11:04		work
/Users/ivanyakovlev/Documents/GitHub/disciplina-wt/uzel-f7-registraciya-2	worktree	https://github.com/d1-d57/disciplina.git	zahod/uzel-f7-registraciya-2	main	0	1	1	1	234.0	2026-08-06T04:08	2026-09-23T21:17	6663	2026-09-23T21:19	disciplina	R3-park	R3-park		ok	no	2026-09-23T17:03		work
/Users/ivanyakovlev/Documents/GitHub/disciplina-wt/uzel-f7-registraciya	worktree	https://github.com/d1-d57/disciplina.git	zahod/uzel-f7-registraciya	main	0	1	1	1	224.4	2026-08-06T04:08	2026-09-23T09:01	5889	2026-09-23T09:09	disciplina	R3-park	R3-park		ok	yes	2026-09-23T08:45		work
/Users/ivanyakovlev/Documents/GitHub/disciplina-wt/uzel-f7-sessiya-2	worktree	https://github.com/d1-d57/disciplina.git	zahod/uzel-f7-sessiya-2	main	0	0	0	0	234.7	2026-08-06T04:08	2026-09-24T01:47	6765	2026-09-24T01:47	disciplina	R1-ok	R1-ok		ok	no	2026-09-23T17:55		
/Users/ivanyakovlev/Documents/GitHub/disciplina-wt/uzel-f7-sessiya	worktree	https://github.com/d1-d57/disciplina.git	zahod/uzel-f7-sessiya	main	0	1	1	1	224.4	2026-08-06T04:08	2026-09-23T08:36	5876	2026-09-23T08:45	disciplina	R3-park	R3-park		ok	yes	2026-09-23T08:22		work
/Users/ivanyakovlev/Documents/GitHub/disciplina-wt/uzel-f7-stend	worktree	https://github.com/d1-d57/disciplina.git	zahod/uzel-f7-stend	main	1	2	3	3	233.8	2026-08-06T04:08	2026-09-23T20:35	6650	2026-09-23T20:39	disciplina	R3-park	R3-park		ok	no	2026-09-23T16:56		work
/Users/ivanyakovlev/Documents/GitHub/disciplina-wt/uzel-fa-pesochnica	worktree	https://github.com/d1-d57/disciplina.git	zahod/uzel-fa-pesochnica	main	0	1	1	1	226.8	2026-08-06T04:08	2026-09-23T12:13	6016	2026-09-23T12:18	disciplina	R3-park	R3-park		ok	yes	2026-09-23T11:04		work
/Users/ivanyakovlev/Documents/GitHub/disciplina-wt/uzel-fa-razvedka	worktree	https://github.com/d1-d57/disciplina.git	zahod/uzel-fa-razvedka	main	0	1	1	1	224.4	2026-08-06T04:08	2026-09-23T09:23	5902	2026-09-23T09:32	disciplina	R3-park	R3-park		ok	yes	2026-09-23T09:09		work
/Users/ivanyakovlev/Documents/GitHub/disciplina-wt/uzel-fa-roli	worktree	https://github.com/d1-d57/disciplina.git	zahod/uzel-fa-roli	main	0	1	1	1	234.6	2026-08-06T04:08	2026-09-24T01:09	6736	2026-09-24T03:24	disciplina	R3-park	R3-park		ok	no	2026-09-23T17:39		work
/Users/ivanyakovlev/Documents/GitHub/disciplina-wt/ves-bez-obhoda-istorii	worktree	https://github.com/d1-d57/disciplina.git	zahod/ves-bez-obhoda-istorii	main	0	1	1	1	236.9	2026-08-06T04:08	2026-09-23T21:56	7116	2026-09-23T21:58	disciplina	R3-park	R3-park		ok	no	2026-09-23T21:26		work
/Users/ivanyakovlev/Documents/GitHub/disciplina-wt/vyhod-s-ozhidaniem	worktree	https://github.com/d1-d57/disciplina.git	zahod/vyhod-s-ozhidaniem	main	0	0	0	0	222.6	2026-08-06T04:08	2026-09-23T01:50	5620	2026-09-23T01:52	disciplina	R9-wt-done	R1-ok		ok	yes	2026-09-23T01:51		
/Users/ivanyakovlev/Documents/GitHub/disciplina-wt/vynos-dvizhkov-2	worktree	https://github.com/d1-d57/disciplina.git	(detached)	main	1	1	2	2	115.6	2026-08-06T04:08	2026-08-25T02:12	640	2026-09-17T23:46	disciplina	R3-park	R3-park		ok	yes	2026-08-25T02:32		work
/Users/ivanyakovlev/Documents/GitHub/disciplina-wt/vyvoz-311-kommitov	worktree	https://github.com/d1-d57/disciplina.git	zahod/vyvoz-311-kommitov	main	0	0	0	0	219.2	2026-08-06T04:08	2026-09-21T13:57	5253	2026-09-21T14:02	disciplina	R9-wt-done	R1-ok		ok	yes	2026-09-21T14:02		
/Users/ivanyakovlev/Documents/GitHub/disciplina-wt/vyvoz-bez-chuzhoj-istorii	worktree	https://github.com/d1-d57/disciplina.git	zahod/vyvoz-bez-chuzhoj-istorii	main	0	0	0	0	233.4	2026-08-06T04:08	2026-09-23T18:28	6582	2026-09-23T18:28	disciplina	R2-push	R2-push		ok	no	2026-09-23T16:27		
/Users/ivanyakovlev/Documents/GitHub/disciplina-wt/vyvoz-i-nadgrobiya	worktree	https://github.com/d1-d57/disciplina.git	zahod/vyvoz-i-nadgrobiya	main	0	0	0	0	221.5	2026-08-06T04:08	2026-09-22T23:14	5477	2026-09-22T23:14	disciplina	R9-wt-done	R1-ok		ok	yes	2026-09-22T23:14		
/Users/ivanyakovlev/Documents/GitHub/disciplina-wt/workflow-lekcia	worktree	https://github.com/d1-d57/disciplina.git	zahod/workflow-lekcia	main	0	1	1	1	113.9	2026-08-06T04:08	2026-08-26T02:40	663	2026-08-26T04:40	disciplina	R10-wt-residue	R3-park		ok	yes	2026-08-25T12:04		scratch-only
/Users/ivanyakovlev/Documents/GitHub/disciplina-wt/yashchik-golovy	worktree	https://github.com/d1-d57/disciplina.git	zahod/yashchik-golovy	main	0	1	1	1	234.8	2026-08-06T04:08	2026-09-23T18:19	6763	2026-09-23T19:42	disciplina	R3-park	R3-park		ok	no	2026-09-23T17:55		work
/Users/ivanyakovlev/Documents/GitHub/disciplina-wt/zadanie-subagentu-bez-protivorechij	worktree	https://github.com/d1-d57/disciplina.git	zahod/zadanie-subagentu-bez-protivorechij	main	0	1	1	1	226.8	2026-08-06T04:08	2026-09-23T20:13	6017	2026-09-23T20:16	disciplina	R3-park	R3-park		ok	no	2026-09-23T11:05		work
/Users/ivanyakovlev/Documents/GitHub/disciplina-wt/zakon-fixture-starye-lovushki	worktree	https://github.com/d1-d57/disciplina.git	zahod/zakon-fixture-starye-lovushki	main	0	1	1	1	217.4	2026-08-06T04:08	2026-09-21T06:16	5081	2026-09-21T06:19	disciplina	R3-park	R3-park		ok	yes	2026-09-21T02:02		work
/Users/ivanyakovlev/Documents/GitHub/disciplina-wt/zakon-nahodki	worktree	https://github.com/d1-d57/disciplina.git	zahod/zakon-nahodki	main	0	1	1	1	231.9	2026-08-06T04:08	2026-09-23T15:22	6453	2026-09-23T15:29	disciplina	R3-park	R3-park		ok	yes	2026-09-23T14:51		work
/Users/ivanyakovlev/Documents/GitHub/disciplina-wt/zakon-zakrytiya-ohvat-i-uslovie-g	worktree	https://github.com/d1-d57/disciplina.git	zahod/zakon-zakrytiya-ohvat-i-uslovie-g	main	0	2	2	2	262.0	2026-08-06T04:08	2026-09-17T17:33	4382	2026-09-17T17:35	disciplina	R3-park	R3-park		ok	yes	2026-09-17T12:06		work
/Users/ivanyakovlev/Documents/GitHub/disciplina-wt/zakon-zakrytiya-stend	worktree	https://github.com/d1-d57/disciplina.git	zahod/zakon-zakrytiya-stend	main	0	1	1	1	231.1	2026-08-06T04:08	2026-09-23T13:52	6285	2026-09-23T13:54	disciplina	R3-park	R3-park		ok	yes	2026-09-23T13:38		work
/Users/ivanyakovlev/Documents/GitHub/disciplina-wt/zakon-zakrytiya-sudit-sostav	worktree	https://github.com/d1-d57/disciplina.git	(detached)	main	1	0	1	1	201.4	2026-08-06T04:08	2026-09-13T17:56	3701	2026-09-13T18:00	disciplina	R10-wt-residue	R3-park		ok	yes	2026-09-13T01:49		generated-only
/Users/ivanyakovlev/Documents/GitHub/disciplina-wt/zakon-zakrytiya-volna-14	worktree	https://github.com/d1-d57/disciplina.git	zahod/zakon-zakrytiya-volna-14-orkestrator-ne-lomaetsya	main	1	0	1	1	197.9	2026-08-06T04:08	2026-09-06T23:51	3542	2026-09-06T23:55	disciplina	R10-wt-residue	R3-park		ok	yes	2026-09-06T23:12		generated-only
/Users/ivanyakovlev/Documents/GitHub/disciplina-wt/zakon-zakrytiya-volna-8-zakrytie-zony	worktree	https://github.com/d1-d57/disciplina.git	zahod/zakon-zakrytiya-volna-8-zakrytie-zony	main	0	0	0	0	232.0	2026-08-06T04:08	2026-09-24T04:01	6486	2026-09-24T04:01	disciplina	R1-ok	R1-ok		ok	no	2026-09-23T15:12		
/Users/ivanyakovlev/Documents/GitHub/disciplina-wt/zamer-mashiny	worktree	https://github.com/d1-d57/disciplina.git	zahod/zamer-mashiny	main	0	1	1	1	236.3	2026-08-06T04:08	2026-09-23T20:02	6917	2026-09-23T20:09	disciplina	R3-park	R3-park		ok	no	2026-09-23T19:40		work
/Users/ivanyakovlev/Documents/GitHub/disciplina-wt/zhdat-do-karantina	worktree	https://github.com/d1-d57/disciplina.git	zahod/zhdat-do-karantina	main	1	0	1	1	268.9	2026-08-06T04:08	2026-09-21T04:42	4947	2026-09-21T04:42	disciplina	R3-park	R3-park		ok	yes	2026-09-20T23:46		work
/Users/ivanyakovlev/Documents/GitHub/disciplina-wt/zhivost-pered-kazhdym-zahodom	worktree	https://github.com/d1-d57/disciplina.git	(detached)	main	1	0	1	1	253.5	2026-08-06T04:08	2026-09-13T14:57	3693	2026-09-13T15:05	disciplina	R10-wt-residue	R3-park		ok	yes	2026-09-13T01:47		generated-only
/Users/ivanyakovlev/Documents/GitHub/disciplina-wt/zhivost-porog-i-posledovatelno	worktree	https://github.com/d1-d57/disciplina.git	zahod/zhivost-porog-i-posledovatelno	main	0	0	0	0	262.0	2026-08-06T04:08	2026-09-17T12:47	4384	2026-09-17T12:35	disciplina	R9-wt-done	R1-ok		ok	yes	2026-09-17T12:06		
/Users/ivanyakovlev/Documents/GitHub/disciplina	main	https://github.com/d1-d57/disciplina.git	main	main	36	170	206	206	300.1	2026-08-06T04:08	2026-09-24T11:20	7865	2026-09-24T17:30	disciplina	R3-park	R3-park		ok	no	2026-08-06T04:08		work
/Users/ivanyakovlev/Documents/GitHub/london-avgust-2026	main	none	main	none	0	0	0	0	1.9	2026-08-21T22:03	2026-09-18T00:01	30	2026-09-18T00:01	Лондон, 23–31 августа 2026	R2-push	R2-push		no-origin		2026-08-21T22:03		
/Users/ivanyakovlev/Documents/GitHub/matema-fest	main	https://github.com/d1-d57/matema-fest.git	main	main	0	1	1	1	81.2	2026-06-06T13:47	2026-09-17T23:49	14	2026-09-17T23:48	CLAUDE.md — вход для Claude Code	R3-park	R3-park		ok	yes	2026-06-16T19:55		work
/Users/ivanyakovlev/Documents/GitHub/matemdigest-map-wt/stil-noch	worktree	https://github.com/d1-d57/digest.git	zahod/stil-noch	main	0	0	0	0	41.3	2026-07-10T04:13	2026-08-20T03:18	128	2026-08-20T03:22	MATEMDIGEST · карта года	R2-push	R2-push		ok	no	2026-08-19T23:37		
/Users/ivanyakovlev/Documents/GitHub/matemdigest-map	main	https://github.com/d1-d57/digest.git	rabota	main	0	0	0	0	265.9	2026-07-10T04:13	2026-09-17T23:57	125	2026-09-17T23:56	MATEMDIGEST · карта года	R2-push	R2-push		ok	no	2026-07-10T04:13		
/Users/ivanyakovlev/Documents/GitHub/materials-wt/chistka-hvostov	worktree	https://github.com/d1-d57/materials.git	zahod/chistka-hvostov	main	0	0	0	0	306.3	2026-06-13T16:24	2026-08-16T16:26	1348	2026-08-16T16:24	materials — ТЫ ЗДЕСЬ. Читай первым, до всего остального	R2-push	R2-push		ok	no	2026-08-16T15:47		
/Users/ivanyakovlev/Documents/GitHub/materials-wt/dobivka-dolgov	worktree	https://github.com/d1-d57/materials.git	zahod/dobivka-dolgov	main	0	0	0	0	306.1	2026-06-13T16:24	2026-08-16T05:59	1335	2026-08-16T05:59	materials — ТЫ ЗДЕСЬ. Читай первым, до всего остального	R2-push	R2-push		ok	no	2026-08-16T05:43		
/Users/ivanyakovlev/Documents/GitHub/materials-wt/dovodka-solvera	worktree	https://github.com/d1-d57/materials.git	zahod/dovodka-solvera	main	0	65	65	65	285.0	2026-06-13T16:24	2026-08-15T03:55	859	2026-08-08T02:15	materials — ТЫ ЗДЕСЬ. Читай первым, до всего остального	R3-park	R3-park		ok	no	2026-08-08T01:39		work
/Users/ivanyakovlev/Documents/GitHub/materials-wt/kadr-uzor-i-vmeshchenie	worktree	https://github.com/d1-d57/materials.git	zahod/kadr-uzor-i-vmeshchenie	main	1	0	1	1	283.4	2026-06-13T16:24	2026-08-15T19:13	1263	2026-08-15T19:11	materials — ТЫ ЗДЕСЬ. Читай первым, до всего остального	R3-park	R3-park		ok	no	2026-08-15T18:27		generated-only
/Users/ivanyakovlev/Documents/GitHub/materials-wt/modeli	worktree	https://github.com/d1-d57/materials.git	zahod/modeli-arn	main	843	0	843	843	185.7	2026-06-13T16:24	2026-08-11T15:55	1026	2026-08-11T16:01	materials — ТЫ ЗДЕСЬ. Читай первым, до всего остального	R3-park	R3-park		ok	no	2026-08-11T15:33		work
/Users/ivanyakovlev/Documents/GitHub/materials-wt/obratnyj-progon	worktree	https://github.com/d1-d57/materials.git	zahod/obratnyj-progon	main	0	27	27	27	263.0	2026-06-13T16:24	2026-08-07T22:46	848	2026-08-07T22:46	materials — ТЫ ЗДЕСЬ. Читай первым, до всего остального	R3-park	R3-park		ok	no	2026-08-07T22:15		work
/Users/ivanyakovlev/Documents/GitHub/materials-wt/obzor-funkciya-putey	worktree	https://github.com/d1-d57/materials.git	arka/obzor-funkciya-putey	main	0	1	1	1	320.7	2026-06-13T16:24	2026-08-25T01:33	1465	2026-08-25T03:33	materials — ТЫ ЗДЕСЬ. Читай первым, до всего остального	R3-park	R3-park		ok	no	2026-08-23T12:21		scratch-only
/Users/ivanyakovlev/Documents/GitHub/materials-wt/perepis-diska	worktree	https://github.com/d1-d57/materials.git	zahod/perepis-diska	main	0	0	0	0	319.4	2026-06-13T16:24	2026-09-25T00:14	1658	2026-09-25T00:14	materials — ТЫ ЗДЕСЬ. Читай первым, до всего остального	R2-push	R2-push		ok	no	2026-09-25T00:12		
/Users/ivanyakovlev/Documents/GitHub/materials-wt/polya-i-uzor	worktree	https://github.com/d1-d57/materials.git	zahod/polya-i-uzor	main	1	0	1	1	256.7	2026-06-13T16:24	2026-08-15T03:54	1133	2026-08-14T15:41	materials — ТЫ ЗДЕСЬ. Читай первым, до всего остального	R3-park	R3-park		ok	no	2026-08-14T13:56		generated-only
/Users/ivanyakovlev/Documents/GitHub/materials-wt/reserch-russkie-kruzhki	worktree	https://github.com/d1-d57/materials.git	zahod/reserch-russkie-kruzhki	main	0	0	0	0	312.6	2026-06-13T16:24	2026-09-14T00:04	1515	2026-09-14T00:04	materials — ТЫ ЗДЕСЬ. Читай первым, до всего остального	R2-push	R2-push		ok	no	2026-09-13T23:41		
/Users/ivanyakovlev/Documents/GitHub/materials-wt/sajt-cveta-i-setka	worktree	https://github.com/d1-d57/materials.git	zahod/sajt-cveta-i-setka	main	0	1	1	1	316.0	2026-06-13T16:24	2026-09-14T12:17	1550	2026-09-14T12:16	materials — ТЫ ЗДЕСЬ. Читай первым, до всего остального	R3-park	R3-park		ok	no	2026-09-14T12:11		scratch-only
/Users/ivanyakovlev/Documents/GitHub/materials-wt/sajt-kursa	worktree	https://github.com/d1-d57/materials.git	(detached)	main	0	0	0	0	311.7	2026-06-13T16:24	2026-08-22T17:20	1376	2026-08-22T17:20	materials — ТЫ ЗДЕСЬ. Читай первым, до всего остального	R1-ok	R1-ok		ok	no	2026-08-20T00:12		
/Users/ivanyakovlev/Documents/GitHub/materials-wt/sluzhebnye-slajdy	worktree	https://github.com/d1-d57/materials.git	zahod/sluzhebnye-slajdy	main	1	0	1	1	278.9	2026-06-13T16:24	2026-08-15T15:20	1241	2026-08-15T15:18	materials — ТЫ ЗДЕСЬ. Читай первым, до всего остального	R3-park	R3-park		ok	no	2026-08-15T14:30		generated-only
/Users/ivanyakovlev/Documents/GitHub/materials-wt/solver-v3-dyhanie	worktree	https://github.com/d1-d57/materials.git	zahod/solver-v3-dyhanie	main	0	27	27	27	263.2	2026-06-13T16:24	2026-08-07T23:38	853	2026-08-07T23:37	materials — ТЫ ЗДЕСЬ. Читай первым, до всего остального	R3-park	R3-park		ok	no	2026-08-07T22:59		work
/Users/ivanyakovlev/Documents/GitHub/materials-wt/vlit-i-uspokoitsya	worktree	https://github.com/d1-d57/materials.git	zahod/vlit-i-uspokoitsya	main	0	0	0	0	306.1	2026-06-13T16:24	2026-08-16T13:08	1342	2026-08-16T13:12	materials — ТЫ ЗДЕСЬ. Читай первым, до всего остального	R2-push	R2-push		ok	no	2026-08-16T13:12		
/Users/ivanyakovlev/Documents/GitHub/materials-wt/vlitie-i-vitrina-kursa	worktree	https://github.com/d1-d57/materials.git	zahod/vlitie-i-vitrina-kursa	main	0	0	0	0	305.8	2026-06-13T16:24	2026-08-16T02:50	1326	2026-08-16T02:49	materials — ТЫ ЗДЕСЬ. Читай первым, до всего остального	R2-push	R2-push		ok	no	2026-08-16T02:12		
/Users/ivanyakovlev/Documents/GitHub/materials	main	https://github.com/d1-d57/materials.git	arka/mat-kostyak	main	40	107	147	147	1020.4	2026-06-13T16:24	2026-09-24T17:37	1647	2026-09-24T17:37	materials — ТЫ ЗДЕСЬ. Читай первым, до всего остального	R3-park	R3-park		ok	no	2026-06-13T16:24		work
/Users/ivanyakovlev/Documents/GitHub/materials/carshering/carsharing_archive	main	none	master	none	5	1	6	6	0.7	2026-06-25T00:30	2026-06-25T16:00	6	2026-06-25T19:33	README — единый вход и индекс проекта «Каршеринг-ценообразование»	R3-park	R3-park		no-origin		2026-06-25T03:30		work
/Users/ivanyakovlev/Documents/GitHub/matproekty-179-stranica	main	https://github.com/d1-d57/projects.git	main	main	0	0	0	0	0.8	2026-08-29T15:52	2026-09-18T23:38	36	2026-09-18T23:38	matproekty-179-stranica	R1-ok	R1-ok		ok	yes	2026-08-29T17:52		
/Users/ivanyakovlev/Documents/GitHub/matproekty-179-wt/obyavlenie-a4	worktree	https://github.com/d1-d57/matproekty-179.git	(detached)	main	0	0	0	0	6.6	2026-08-27T21:14	2026-09-10T21:23	106	2026-09-10T21:22	matproekty-179	R9-wt-done	R1-ok		ok	yes	2026-09-10T20:33		
/Users/ivanyakovlev/Documents/GitHub/matproekty-179-wt/razdel-shkolnikam	worktree	https://github.com/d1-d57/matproekty-179.git	(detached)	main	0	0	0	0	34.7	2026-08-27T21:14	2026-09-05T03:33	38	2026-09-05T03:39	matproekty-179	R9-wt-done	R1-ok		ok	yes	2026-09-05T02:27		
/Users/ivanyakovlev/Documents/GitHub/matproekty-179	main	https://github.com/d1-d57/matproekty-179.git	zahod/nepodtverzhdennye	main	5	4	9	9	44.6	2026-08-27T21:14	2026-09-20T23:51	228	2026-09-21T00:07	matproekty-179	R3-park	R3-park		ok	no	2026-08-27T23:14		work
/Users/ivanyakovlev/Documents/GitHub/moskva	main	https://github.com/d1-d57/moskva.git	main	main	0	0	0	0	2.4	2026-09-06T00:14	2026-09-24T16:09	32	2026-09-24T16:06	Москва — картотека коротких заходов	R1-ok	R1-ok		ok	yes	2026-09-06T00:11		
/Users/ivanyakovlev/Documents/GitHub/spetsmat-bot-wt/B1-test-organizator	worktree	https://github.com/d1-d57/spetsmat-179.git	zahod/B1-test-organizator	main	0	0	0	0	61.6	2026-09-02T07:05	2026-09-23T00:35	1162	2026-09-23T00:35	spetsmat-bot	R9-wt-done	R1-ok		ok	yes	2026-09-23T00:21		
/Users/ivanyakovlev/Documents/GitHub/spetsmat-bot-wt/B1-v14-vid	worktree	https://github.com/d1-d57/spetsmat-179.git	zahod/B1-v14-vid	main	1	0	1	1	65.9	2026-09-02T07:05	2026-09-23T01:43	1194	2026-09-23T02:05	spetsmat-bot	R3-park	R3-park		ok	no	2026-09-23T00:21		generated-only
/Users/ivanyakovlev/Documents/GitHub/spetsmat-bot-wt/B1-v16-dolgi	worktree	https://github.com/d1-d57/spetsmat-179.git	(detached)	main	0	0	0	0	67.3	2026-09-02T07:05	2026-09-23T07:44	1286	2026-09-23T07:44	spetsmat-bot	R9-wt-done	R1-ok		ok	yes	2026-09-23T06:29		
/Users/ivanyakovlev/Documents/GitHub/spetsmat-bot-wt/B1-v21-konduit	worktree	https://github.com/d1-d57/spetsmat-179.git	zahod/B1-v21-konduit	main	0	0	0	0	65.9	2026-09-02T07:05	2026-09-23T01:04	1167	2026-09-23T01:04	spetsmat-bot	R9-wt-done	R1-ok		ok	yes	2026-09-23T00:21		
/Users/ivanyakovlev/Documents/GitHub/spetsmat-bot-wt/B2-sw4-ekspluatacia	worktree	https://github.com/d1-d57/spetsmat-179.git	(detached)	main	0	0	0	0	62.8	2026-09-02T07:05	2026-09-23T06:36	1264	2026-09-23T06:35	spetsmat-bot	R9-wt-done	R1-ok		ok	yes	2026-09-23T05:50		
/Users/ivanyakovlev/Documents/GitHub/spetsmat-bot-wt/B2-sw5-doc-protiv-koda	worktree	https://github.com/d1-d57/spetsmat-179.git	(detached)	main	0	0	0	0	68.0	2026-09-02T07:05	2026-09-23T08:34	1391	2026-09-23T08:34	spetsmat-bot	R9-wt-done	R1-ok		ok	yes	2026-09-23T08:08		
/Users/ivanyakovlev/Documents/GitHub/spetsmat-bot-wt/B2-sw5-ekspluatacia-ostatok	worktree	https://github.com/d1-d57/spetsmat-179.git	(detached)	main	0	0	0	0	63.4	2026-09-02T07:05	2026-09-23T07:02	1315	2026-09-23T07:02	spetsmat-bot	R9-wt-done	R1-ok		ok	yes	2026-09-23T06:47		
/Users/ivanyakovlev/Documents/GitHub/spetsmat-bot-wt/B2-sw5-izmereniya-i-doc	worktree	https://github.com/d1-d57/spetsmat-179.git	(detached)	main	0	0	0	0	67.8	2026-09-02T07:05	2026-09-23T08:05	1361	2026-09-23T08:05	spetsmat-bot	R9-wt-done	R1-ok		ok	yes	2026-09-23T07:43		
/Users/ivanyakovlev/Documents/GitHub/spetsmat-bot-wt/B2-sw5-listki-importer	worktree	https://github.com/d1-d57/spetsmat-179.git	(detached)	main	0	0	0	0	67.6	2026-09-02T07:05	2026-09-23T07:36	1330	2026-09-23T07:36	spetsmat-bot	R9-wt-done	R1-ok		ok	yes	2026-09-23T07:10		
/Users/ivanyakovlev/Documents/GitHub/spetsmat-bot-wt/B2-sw5-vhody-i-privatnost	worktree	https://github.com/d1-d57/spetsmat-179.git	(detached)	main	0	0	0	0	63.6	2026-09-02T07:05	2026-09-23T08:11	1371	2026-09-23T08:11	spetsmat-bot	R9-wt-done	R1-ok		ok	yes	2026-09-23T07:58		
/Users/ivanyakovlev/Documents/GitHub/spetsmat-bot-wt/B2-v10-ochered	worktree	https://github.com/d1-d57/spetsmat-179.git	zahod/B2-v10-ochered	main	0	0	0	0	62.5	2026-09-02T07:05	2026-09-23T05:15	1215	2026-09-23T05:15	spetsmat-bot	R9-wt-done	R1-ok		ok	yes	2026-09-23T05:14		
/Users/ivanyakovlev/Documents/GitHub/spetsmat-bot-wt/B2-v11-verdikty	worktree	https://github.com/d1-d57/spetsmat-179.git	(detached)	main	0	0	0	0	62.5	2026-09-02T07:05	2026-09-23T05:17	1219	2026-09-23T05:17	spetsmat-bot	R9-wt-done	R1-ok		ok	yes	2026-09-23T05:16		
/Users/ivanyakovlev/Documents/GitHub/spetsmat-bot-wt/B2-v12-uroki	worktree	https://github.com/d1-d57/spetsmat-179.git	(detached)	main	0	0	0	0	62.9	2026-09-02T07:05	2026-09-23T05:41	1233	2026-09-23T05:41	spetsmat-bot	R9-wt-done	R1-ok		ok	yes	2026-09-23T05:18		
/Users/ivanyakovlev/Documents/GitHub/spetsmat-bot-wt/B2-v14-raskladka	worktree	https://github.com/d1-d57/spetsmat-179.git	(detached)	main	0	0	0	0	66.9	2026-09-02T07:05	2026-09-23T06:21	1212	2026-09-23T06:21	spetsmat-bot	R9-wt-done	R1-ok		ok	yes	2026-09-23T05:07		
/Users/ivanyakovlev/Documents/GitHub/spetsmat-bot-wt/B2-v15-listki	worktree	https://github.com/d1-d57/spetsmat-179.git	(detached)	main	0	0	0	0	67.1	2026-09-02T07:05	2026-09-23T06:25	1265	2026-09-23T06:24	spetsmat-bot	R9-wt-done	R1-ok		ok	yes	2026-09-23T06:03		
/Users/ivanyakovlev/Documents/GitHub/spetsmat-bot-wt/B2-v18-skrytaya-kletka	worktree	https://github.com/d1-d57/spetsmat-179.git	(detached)	main	0	0	0	0	71.0	2026-09-02T07:05	2026-09-23T06:02	1215	2026-09-23T06:02	spetsmat-bot	R9-wt-done	R1-ok		ok	yes	2026-09-23T05:07		
/Users/ivanyakovlev/Documents/GitHub/spetsmat-bot-wt/B2-v2-rychag-verstki	worktree	https://github.com/d1-d57/spetsmat-179.git	(detached)	main	0	0	0	0	69.7	2026-09-02T07:05	2026-09-23T07:50	1307	2026-09-23T07:50	spetsmat-bot	R9-wt-done	R1-ok		ok	yes	2026-09-23T06:34		
/Users/ivanyakovlev/Documents/GitHub/spetsmat-bot-wt/B2-v22-auditoriya	worktree	https://github.com/d1-d57/spetsmat-179.git	(detached)	main	0	0	0	0	67.9	2026-09-02T07:05	2026-09-23T08:49	1364	2026-09-23T08:49	spetsmat-bot	R9-wt-done	R1-ok		ok	yes	2026-09-23T07:46		
/Users/ivanyakovlev/Documents/GitHub/spetsmat-bot-wt/B2-v3-hranenie	worktree	https://github.com/d1-d57/spetsmat-179.git	(detached)	main	0	0	0	0	62.5	2026-09-02T07:05	2026-09-23T05:09	1210	2026-09-23T05:09	spetsmat-bot	R9-wt-done	R1-ok		ok	yes	2026-09-23T05:07		
/Users/ivanyakovlev/Documents/GitHub/spetsmat-bot-wt/C-4d-ubrat	worktree	https://github.com/d1-d57/spetsmat-179.git	zahod/C-4d-ubrat	main	0	0	0	0	66.0	2026-09-02T07:05	2026-09-23T17:34	1443	2026-09-23T17:34	spetsmat-bot	R9-wt-done	R1-ok		ok	yes	2026-09-23T16:50		
/Users/ivanyakovlev/Documents/GitHub/spetsmat-bot-wt/C-kabinet-shkolnika	worktree	https://github.com/d1-d57/spetsmat-179.git	zahod/C-kabinet-shkolnika	main	0	0	0	0	70.3	2026-09-02T07:05	2026-09-23T18:56	1465	2026-09-23T18:56	spetsmat-bot	R9-wt-done	R1-ok		ok	yes	2026-09-23T16:50		
/Users/ivanyakovlev/Documents/GitHub/spetsmat-bot-wt/C-urok-raspredelenie	worktree	https://github.com/d1-d57/spetsmat-179.git	zahod/C-urok-raspredelenie	main	0	0	0	0	111.9	2026-09-02T07:05	2026-09-24T00:47	1551	2026-09-24T00:47	spetsmat-bot	R9-wt-done	R1-ok		ok	yes	2026-09-23T23:25		
/Users/ivanyakovlev/Documents/GitHub/spetsmat-bot-wt/C-v1-zapis	worktree	https://github.com/d1-d57/spetsmat-179.git	zahod/C-v1-zapis	main	0	0	0	0	71.5	2026-09-02T07:05	2026-09-23T21:56	1510	2026-09-23T21:56	spetsmat-bot	R9-wt-done	R1-ok		ok	yes	2026-09-23T16:50		
/Users/ivanyakovlev/Documents/GitHub/spetsmat-bot-wt/C-v4-mobilnye-dyry	worktree	https://github.com/d1-d57/spetsmat-179.git	(detached)	main	0	0	0	0	73.5	2026-09-02T07:05	2026-09-24T06:19	1640	2026-09-24T06:19	spetsmat-bot	R9-wt-done	R1-ok		ok	yes	2026-09-23T16:50		
/Users/ivanyakovlev/Documents/GitHub/spetsmat-bot-wt/C-v5-odno-okno	worktree	https://github.com/d1-d57/spetsmat-179.git	zahod/C-v5-odno-okno	main	0	0	0	0	295.9	2026-09-02T07:05	2026-09-23T23:04	1534	2026-09-23T23:04	spetsmat-bot	R9-wt-done	R1-ok		ok	yes	2026-09-23T16:50		
/Users/ivanyakovlev/Documents/GitHub/spetsmat-bot-wt/C-v7-kabinet-istochnik	worktree	https://github.com/d1-d57/spetsmat-179.git	(detached)	main	0	0	0	0	140.4	2026-09-02T07:05	2026-09-23T18:47	1462	2026-09-23T18:47	spetsmat-bot	R9-wt-done	R1-ok		ok	yes	2026-09-23T16:50		
/Users/ivanyakovlev/Documents/GitHub/spetsmat-bot-wt/P1-yadro	worktree	https://github.com/d1-d57/spetsmat-179.git	zahod/P1-yadro	main	0	0	0	0	24.5	2026-09-02T07:05	2026-09-02T09:32	9	2026-09-02T09:31	spetsmat-bot	R9-wt-done	R1-ok		ok	yes	2026-09-02T08:23		
/Users/ivanyakovlev/Documents/GitHub/spetsmat-bot-wt/P16-eksport	worktree	https://github.com/d1-d57/spetsmat-179.git	zahod/P16-eksport	main	0	0	0	0	1.5	2026-09-02T07:05	2026-09-02T16:15	49	2026-09-02T16:15	spetsmat-bot	R9-wt-done	R1-ok		ok	yes	2026-09-02T10:48		
/Users/ivanyakovlev/Documents/GitHub/spetsmat-bot-wt/P17-konstanty	worktree	https://github.com/d1-d57/spetsmat-179.git	zahod/P17-konstanty	main	0	0	0	0	2.4	2026-09-02T07:05	2026-09-02T14:24	97	2026-09-02T14:26	spetsmat-bot	R9-wt-done	R1-ok		ok	yes	2026-09-02T12:26		
/Users/ivanyakovlev/Documents/GitHub/spetsmat-bot-wt/R1-foto	worktree	https://github.com/d1-d57/spetsmat-179.git	zahod/R1-foto	main	0	1	1	1	6.2	2026-09-02T07:05	2026-09-03T00:53	268	2026-09-03T00:53	spetsmat-bot	R10-wt-residue	R3-park		ok	yes	2026-09-02T20:35		scratch-only
/Users/ivanyakovlev/Documents/GitHub/spetsmat-bot-wt/R2-slovar	worktree	https://github.com/d1-d57/spetsmat-179.git	zahod/R2-slovar	main	1	0	1	1	4.9	2026-09-02T07:05	2026-09-02T23:17	265	2026-09-03T00:56	spetsmat-bot	R3-park	R3-park		ok	yes	2026-09-02T20:38		work
/Users/ivanyakovlev/Documents/GitHub/spetsmat-bot-wt/R3-istochniki	worktree	https://github.com/d1-d57/spetsmat-179.git	zahod/R3-istochniki	main	0	0	0	0	5.0	2026-09-02T07:05	2026-09-02T20:37	261	2026-09-02T22:09	spetsmat-bot	R9-wt-done	R1-ok		ok	yes	2026-09-02T20:40		
/Users/ivanyakovlev/Documents/GitHub/spetsmat-bot-wt/S1-slot-i-routy	worktree	https://github.com/d1-d57/spetsmat-179.git	zahod/S1-slot-i-routy	main	0	1	1	1	11.9	2026-09-02T07:05	2026-09-04T18:13	347	2026-09-04T18:16	spetsmat-bot	R10-wt-residue	R3-park		ok	yes	2026-09-04T17:11		scratch-only
/Users/ivanyakovlev/Documents/GitHub/spetsmat-bot-wt/TEST-uchitel	worktree	https://github.com/d1-d57/spetsmat-179.git	zahod/TEST-uchitel	main	0	0	0	0	60.7	2026-09-02T07:05	2026-09-22T21:31	1085	2026-09-22T21:31	spetsmat-bot	R9-wt-done	R1-ok		ok	yes	2026-09-22T20:49		
/Users/ivanyakovlev/Documents/GitHub/spetsmat-bot-wt/V0-sekrety	worktree	https://github.com/d1-d57/spetsmat-179.git	zahod/V0-sekrety	main	0	0	0	0	60.5	2026-09-02T07:05	2026-09-22T20:55	1084	2026-09-22T20:54	spetsmat-bot	R9-wt-done	R1-ok		ok	yes	2026-09-22T20:51		
/Users/ivanyakovlev/Documents/GitHub/spetsmat-bot-wt/V14-raspredelenie	worktree	https://github.com/d1-d57/spetsmat-179.git	zahod/V14-raspredelenie	main	0	0	0	0	145.4	2026-09-02T07:05	2026-09-22T22:01	1083	2026-09-22T22:03	spetsmat-bot	R9-wt-done	R1-ok		ok	yes	2026-09-22T20:48		
/Users/ivanyakovlev/Documents/GitHub/spetsmat-bot-wt/V19V20-rezervy	worktree	https://github.com/d1-d57/spetsmat-179.git	zahod/V19V20-rezervy	main	0	0	0	0	60.6	2026-09-02T07:05	2026-09-22T22:01	1087	2026-09-22T22:01	spetsmat-bot	R9-wt-done	R1-ok		ok	yes	2026-09-22T20:45		
/Users/ivanyakovlev/Documents/GitHub/spetsmat-bot-wt/admin-svoyo	worktree	https://github.com/d1-d57/spetsmat-179.git	pravka/admin-svoyo	main	1	0	1	1	26.5	2026-09-02T07:05	2026-09-07T12:51	524	2026-09-07T12:51	spetsmat-bot	R10-wt-residue	R3-park		ok	yes	2026-09-07T12:50		generated-only
/Users/ivanyakovlev/Documents/GitHub/spetsmat-bot-wt/aktualnyj-listok-naverh-i-dedlajn	worktree	https://github.com/d1-d57/spetsmat-179.git	zahod/aktualnyj-listok-naverh-i-dedlajn	main	0	0	0	0	26.5	2026-09-02T07:05	2026-09-07T05:03	508	2026-09-07T05:08	spetsmat-bot	R9-wt-done	R1-ok		ok	yes	2026-09-07T04:39		
/Users/ivanyakovlev/Documents/GitHub/spetsmat-bot-wt/bekap-avtorizacia	worktree	https://github.com/d1-d57/spetsmat-179.git	zahod/bekap-avtorizacia	main	0	0	0	0	28.8	2026-09-02T07:05	2026-09-08T22:44	628	2026-09-08T22:48	spetsmat-bot	R9-wt-done	R1-ok		ok	yes	2026-09-08T22:18		
/Users/ivanyakovlev/Documents/GitHub/spetsmat-bot-wt/bekapy	worktree	https://github.com/d1-d57/spetsmat-179.git	volna17-bekapy	main	0	0	0	0	54.7	2026-09-02T07:05	2026-09-21T21:12	1067	2026-09-21T21:12	spetsmat-bot	R9-wt-done	R1-ok		ok	yes	2026-09-21T20:58		
/Users/ivanyakovlev/Documents/GitHub/spetsmat-bot-wt/bystro-i-bezopasno	worktree	https://github.com/d1-d57/spetsmat-179.git	zahod/bystro-i-bezopasno	main	2	0	2	2	28.1	2026-09-02T07:05	2026-09-08T14:32	587	2026-09-08T14:34	spetsmat-bot	R3-park	R3-park		ok	yes	2026-09-08T14:22		work
/Users/ivanyakovlev/Documents/GitHub/spetsmat-bot-wt/data-i-istoria-kletki	worktree	https://github.com/d1-d57/spetsmat-179.git	zahod/data-i-istoria-kletki	main	2	0	2	2	30.5	2026-09-02T07:05	2026-09-10T02:31	655	2026-09-10T02:46	spetsmat-bot	R3-park	R3-park		ok	yes	2026-09-10T01:51		work
/Users/ivanyakovlev/Documents/GitHub/spetsmat-bot-wt/dozabivka-dolgov-sklejki	worktree	https://github.com/d1-d57/spetsmat-179.git	zahod/dozabivka-dolgov-sklejki	main	0	0	0	0	26.2	2026-09-02T07:05	2026-09-05T01:57	478	2026-09-05T02:03	spetsmat-bot	R9-wt-done	R1-ok		ok	yes	2026-09-05T01:33		
/Users/ivanyakovlev/Documents/GitHub/spetsmat-bot-wt/drawio	worktree	https://github.com/d1-d57/spetsmat-179.git	volna17-drawio	main	0	0	0	0	59.6	2026-09-02T07:05	2026-09-21T18:11	1062	2026-09-21T18:10	spetsmat-bot	R9-wt-done	R1-ok		ok	yes	2026-09-21T18:00		
/Users/ivanyakovlev/Documents/GitHub/spetsmat-bot-wt/dver-sekretov-spisok	worktree	https://github.com/d1-d57/spetsmat-179.git	zahod/dver-sekretov-spisok	main	0	0	0	0	60.8	2026-09-02T07:05	2026-09-22T21:57	1127	2026-09-22T21:57	spetsmat-bot	R9-wt-done	R1-ok		ok	yes	2026-09-22T21:41		
/Users/ivanyakovlev/Documents/GitHub/spetsmat-bot-wt/gejt-pravda	worktree	https://github.com/d1-d57/spetsmat-179.git	zahod/gejt-pravda	main	0	0	0	0	50.0	2026-09-02T07:05	2026-09-10T12:30	753	2026-09-10T12:33	spetsmat-bot	R9-wt-done	R1-ok		ok	yes	2026-09-10T10:46		
/Users/ivanyakovlev/Documents/GitHub/spetsmat-bot-wt/glavnaya-i-stranicy-listkov	worktree	https://github.com/d1-d57/spetsmat-179.git	zahod/glavnaya-i-stranicy-listkov	main	9	0	9	9	18.5	2026-09-02T07:05	2026-09-04T18:00	354	2026-09-04T17:53	spetsmat-bot	R3-park	R3-park		ok	yes	2026-09-04T17:23		work
/Users/ivanyakovlev/Documents/GitHub/spetsmat-bot-wt/istoria-zanyatij	worktree	https://github.com/d1-d57/spetsmat-179.git	zahod/istoria-zanyatij	main	0	0	0	0	30.7	2026-09-02T07:05	2026-09-10T04:38	701	2026-09-10T04:42	spetsmat-bot	R9-wt-done	R1-ok		ok	yes	2026-09-10T04:09		
/Users/ivanyakovlev/Documents/GitHub/spetsmat-bot-wt/kabinet-na-den	worktree	https://github.com/d1-d57/spetsmat-179.git	pravka/kabinet-na-den	main	1	0	1	1	26.5	2026-09-02T07:05	2026-09-07T12:38	523	2026-09-07T12:38	spetsmat-bot	R10-wt-residue	R3-park		ok	yes	2026-09-07T12:38		generated-only
/Users/ivanyakovlev/Documents/GitHub/spetsmat-bot-wt/kabinet-plitki	worktree	https://github.com/d1-d57/spetsmat-179.git	zahod/kabinet-plitki	main	0	0	0	0	49.7	2026-09-02T07:05	2026-09-11T12:10	962	2026-09-11T12:10	spetsmat-bot	R9-wt-done	R1-ok		ok	yes	2026-09-11T11:22		
/Users/ivanyakovlev/Documents/GitHub/spetsmat-bot-wt/kanal-diagnostika	worktree	https://github.com/d1-d57/spetsmat-179.git	zahod/kanal-diagnostika	main	0	1	1	1	29.9	2026-09-02T07:05	2026-09-10T05:30	642	2026-09-10T05:33	spetsmat-bot	R10-wt-residue	R3-park		ok	yes	2026-09-10T05:17		scratch-only
/Users/ivanyakovlev/Documents/GitHub/spetsmat-bot-wt/kanon-verstki	worktree	https://github.com/d1-d57/spetsmat-179.git	zahod/kanon-verstki	main	2	0	2	2	30.1	2026-09-02T07:05	2026-09-10T01:45	645	2026-09-10T01:45	spetsmat-bot	R3-park	R3-park		ok	yes	2026-09-10T00:57		work
/Users/ivanyakovlev/Documents/GitHub/spetsmat-bot-wt/karkas-menyu-kabinet	worktree	https://github.com/d1-d57/spetsmat-179.git	zahod/karkas-menyu-kabinet	main	0	0	0	0	49.9	2026-09-02T07:05	2026-09-10T11:16	743	2026-09-10T11:18	spetsmat-bot	R9-wt-done	R1-ok		ok	yes	2026-09-10T10:46		
/Users/ivanyakovlev/Documents/GitHub/spetsmat-bot-wt/konduit-na-prosmotr	worktree	https://github.com/d1-d57/spetsmat-179.git	zahod/konduit-na-prosmotr	main	1	1	2	2	22.8	2026-09-02T07:05	2026-09-07T05:41	517	2026-09-07T05:57	spetsmat-bot	R3-park	R3-park		ok	yes	2026-09-07T05:29		work
/Users/ivanyakovlev/Documents/GitHub/spetsmat-bot-wt/konduit-panel	worktree	https://github.com/d1-d57/spetsmat-179.git	zahod/konduit-panel	main	0	1	1	1	51.1	2026-09-02T07:05	2026-09-10T11:23	745	2026-09-10T11:25	spetsmat-bot	R10-wt-residue	R3-park		ok	yes	2026-09-10T10:46		scratch-only
/Users/ivanyakovlev/Documents/GitHub/spetsmat-bot-wt/konduit-shirina	worktree	https://github.com/d1-d57/spetsmat-179.git	pravka/konduit-shirina	main	1	0	1	1	26.5	2026-09-02T07:05	2026-09-07T11:56	521	2026-09-07T11:55	spetsmat-bot	R10-wt-residue	R3-park		ok	yes	2026-09-07T11:54		generated-only
/Users/ivanyakovlev/Documents/GitHub/spetsmat-bot-wt/konduit-vid	worktree	https://github.com/d1-d57/spetsmat-179.git	pravka/konduit-vid	main	1	0	1	1	26.5	2026-09-02T07:05	2026-09-07T11:45	520	2026-09-07T11:45	spetsmat-bot	R10-wt-residue	R3-park		ok	yes	2026-09-07T11:35		generated-only
/Users/ivanyakovlev/Documents/GitHub/spetsmat-bot-wt/lichnaya-stranica-prepodavatelya	worktree	https://github.com/d1-d57/spetsmat-179.git	zahod/lichnaya-stranica-prepodavatelya	main	0	0	0	0	26.4	2026-09-02T07:05	2026-09-07T04:54	506	2026-09-07T05:03	spetsmat-bot	R9-wt-done	R1-ok		ok	yes	2026-09-07T04:39		
/Users/ivanyakovlev/Documents/GitHub/spetsmat-bot-wt/lichnoe-v-kartochke	worktree	https://github.com/d1-d57/spetsmat-179.git	pravka/lichnoe-v-kartochke	main	1	0	1	1	26.5	2026-09-02T07:05	2026-09-07T12:37	522	2026-09-07T12:36	spetsmat-bot	R10-wt-residue	R3-park		ok	yes	2026-09-07T12:35		generated-only
/Users/ivanyakovlev/Documents/GitHub/spetsmat-bot-wt/listki-kak-baza-zadach	worktree	https://github.com/d1-d57/spetsmat-179.git	listki-kak-baza-zadach	main	0	0	0	0	30.4	2026-09-02T07:05	2026-09-07T13:43	532	2026-09-07T13:43	spetsmat-bot	R9-wt-done	R1-ok		ok	yes	2026-09-07T13:29		
/Users/ivanyakovlev/Documents/GitHub/spetsmat-bot-wt/listok17alef	worktree	https://github.com/d1-d57/spetsmat-179.git	volna17-listok17alef	main	0	0	0	0	54.6	2026-09-02T07:05	2026-09-21T15:00	1060	2026-09-21T17:30	spetsmat-bot	R9-wt-done	R1-ok		ok	yes	2026-09-21T17:30		
/Users/ivanyakovlev/Documents/GitHub/spetsmat-bot-wt/moi-stroki	worktree	https://github.com/d1-d57/spetsmat-179.git	pravka/moi-stroki	main	1	0	1	1	26.5	2026-09-02T07:05	2026-09-07T12:56	525	2026-09-07T12:56	spetsmat-bot	R10-wt-residue	R3-park		ok	yes	2026-09-07T12:56		generated-only
/Users/ivanyakovlev/Documents/GitHub/spetsmat-bot-wt/nadzor-zvonit	worktree	https://github.com/d1-d57/spetsmat-179.git	zahod/nadzor-zvonit	main	0	1	1	1	48.4	2026-09-02T07:05	2026-09-11T01:54	860	2026-09-11T01:53	spetsmat-bot	R10-wt-residue	R3-park		ok	yes	2026-09-11T00:54		scratch-only
/Users/ivanyakovlev/Documents/GitHub/spetsmat-bot-wt/oblozhka-listok	worktree	https://github.com/d1-d57/spetsmat-179.git	pravka/oblozhka-listok	main	1	0	1	1	26.5	2026-09-02T07:05	2026-09-07T11:30	519	2026-09-07T11:29	spetsmat-bot	R10-wt-residue	R3-park		ok	yes	2026-09-07T11:19		generated-only
/Users/ivanyakovlev/Documents/GitHub/spetsmat-bot-wt/pages-i-materialy	worktree	https://github.com/d1-d57/spetsmat-179.git	zahod/pages-i-materialy	main	0	0	0	0	28.4	2026-09-02T07:05	2026-09-08T19:34	607	2026-09-08T19:34	spetsmat-bot	R9-wt-done	R1-ok		ok	yes	2026-09-08T19:18		
/Users/ivanyakovlev/Documents/GitHub/spetsmat-bot-wt/paroli-shkolnikov	worktree	https://github.com/d1-d57/spetsmat-179.git	zahod/paroli-shkolnikov	main	0	0	0	0	31.0	2026-09-02T07:05	2026-09-10T06:20	728	2026-09-10T06:31	spetsmat-bot	R9-wt-done	R1-ok		ok	yes	2026-09-10T05:50		
/Users/ivanyakovlev/Documents/GitHub/spetsmat-bot-wt/poisk-i-kartochka	worktree	https://github.com/d1-d57/spetsmat-179.git	(detached)	main	0	0	0	0	30.5	2026-09-02T07:05	2026-09-10T03:19	671	2026-09-10T03:25	spetsmat-bot	R9-wt-done	R1-ok		ok	yes	2026-09-10T02:27		
/Users/ivanyakovlev/Documents/GitHub/spetsmat-bot-wt/pravila-raspredeleniya	worktree	https://github.com/d1-d57/spetsmat-179.git	zahod/pravila-raspredeleniya	main	0	0	0	0	30.0	2026-09-02T07:05	2026-09-10T03:59	645	2026-09-10T04:00	spetsmat-bot	R9-wt-done	R1-ok		ok	yes	2026-09-10T01:05		
/Users/ivanyakovlev/Documents/GitHub/spetsmat-bot-wt/raspil-monolita	worktree	https://github.com/d1-d57/spetsmat-179.git	zahod/raspil-monolita	main	0	0	0	0	26.4	2026-09-02T07:05	2026-09-07T04:15	502	2026-09-07T04:26	spetsmat-bot	R9-wt-done	R1-ok		ok	yes	2026-09-07T03:57		
/Users/ivanyakovlev/Documents/GitHub/spetsmat-bot-wt/raspredelenie-kolonki	worktree	https://github.com/d1-d57/spetsmat-179.git	zahod/raspredelenie-kolonki	main	0	1	1	1	94.2	2026-09-02T07:05	2026-09-10T12:07	793	2026-09-10T12:10	spetsmat-bot	R10-wt-residue	R3-park		ok	yes	2026-09-10T10:46		scratch-only
/Users/ivanyakovlev/Documents/GitHub/spetsmat-bot-wt/reestr-sajta	worktree	https://github.com/d1-d57/spetsmat-179.git	volna17-reestr	main	0	0	0	0	54.6	2026-09-02T07:05	2026-09-21T15:00	1060	2026-09-21T15:00	spetsmat-bot	R9-wt-done	R1-ok		ok	yes	2026-09-21T14:01		
/Users/ivanyakovlev/Documents/GitHub/spetsmat-bot-wt/rovno	worktree	https://github.com/d1-d57/spetsmat-179.git	volna17-rovno	main	0	0	0	0	54.6	2026-09-02T07:05	2026-09-21T19:03	1062	2026-09-21T19:03	spetsmat-bot	R9-wt-done	R1-ok		ok	yes	2026-09-21T18:58		
/Users/ivanyakovlev/Documents/GitHub/spetsmat-bot-wt/shirina-prep-vdn	worktree	https://github.com/d1-d57/spetsmat-179.git	zahod/shirina-prep-vdn	main	0	0	0	0	48.0	2026-09-02T07:05	2026-09-11T04:52	846	2026-09-11T04:48	spetsmat-bot	R9-wt-done	R1-ok		ok	yes	2026-09-11T00:54		
/Users/ivanyakovlev/Documents/GitHub/spetsmat-bot-wt/skleit-adminku-s-sajtom	worktree	https://github.com/d1-d57/spetsmat-179.git	zahod/skleit-adminku-s-sajtom	main	0	0	0	0	26.1	2026-09-02T07:05	2026-09-05T00:54	472	2026-09-05T00:54	spetsmat-bot	R9-wt-done	R1-ok		ok	yes	2026-09-05T00:21		
/Users/ivanyakovlev/Documents/GitHub/spetsmat-bot-wt/sklejka-vhoda-s-serverom	worktree	https://github.com/d1-d57/spetsmat-179.git	sklejka-vhoda-s-serverom	main	0	0	0	0	7.4	2026-09-02T07:05	2026-09-03T23:56	323	2026-09-03T23:56	spetsmat-bot	R9-wt-done	R1-ok		ok	yes	2026-09-03T23:37		
/Users/ivanyakovlev/Documents/GitHub/spetsmat-bot-wt/sostav-klassa-i-112-strok	worktree	https://github.com/d1-d57/spetsmat-179.git	(detached)	main	0	1	1	1	12.2	2026-09-02T07:05	2026-09-04T18:41	355	2026-09-04T18:41	spetsmat-bot	R3-park	R3-park		ok	yes	2026-09-04T17:23		work
/Users/ivanyakovlev/Documents/GitHub/spetsmat-bot-wt/sreda	worktree	https://github.com/d1-d57/spetsmat-179.git	volna17-sreda	main	0	0	0	0	54.7	2026-09-02T07:05	2026-09-21T21:39	1070	2026-09-21T21:39	spetsmat-bot	R9-wt-done	R1-ok		ok	yes	2026-09-21T21:30		
/Users/ivanyakovlev/Documents/GitHub/spetsmat-bot-wt/statistiki-i-grobarij	worktree	https://github.com/d1-d57/spetsmat-179.git	zahod/statistiki-i-grobarij	main	0	1	1	1	45.6	2026-09-02T07:05	2026-09-10T04:41	691	2026-09-10T04:45	spetsmat-bot	R10-wt-residue	R3-park		ok	yes	2026-09-10T03:58		scratch-only
/Users/ivanyakovlev/Documents/GitHub/spetsmat-bot-wt/storozh-vstal	worktree	https://github.com/d1-d57/spetsmat-179.git	zahod/storozh-vstal	main	2	0	2	2	28.3	2026-09-02T07:05	2026-09-08T17:07	598	2026-09-08T17:07	spetsmat-bot	R3-park	R3-park		ok	yes	2026-09-08T16:12		work
/Users/ivanyakovlev/Documents/GitHub/spetsmat-bot-wt/veb-priyom-zadach	worktree	https://github.com/d1-d57/spetsmat-179.git	veb-priyom-zadach	main	2	0	2	2	26.6	2026-09-02T07:05	2026-09-07T15:21	542	2026-09-07T15:48	spetsmat-bot	R3-park	R3-park		ok	yes	2026-09-03T22:59		work
/Users/ivanyakovlev/Documents/GitHub/spetsmat-bot-wt/veb-raspredelenie-mvp	worktree	https://github.com/d1-d57/spetsmat-179.git	veb-raspredelenie-mvp	main	0	0	0	0	6.6	2026-09-02T07:05	2026-09-03T23:19	294	2026-09-03T23:31	spetsmat-bot	R9-wt-done	R1-ok		ok	yes	2026-09-03T22:44		
/Users/ivanyakovlev/Documents/GitHub/spetsmat-bot-wt/veb-vhod-i-obshchee-sostoyanie	worktree	https://github.com/d1-d57/spetsmat-179.git	veb-vhod-i-obshchee-sostoyanie	main	0	0	0	0	6.6	2026-09-02T07:05	2026-09-03T23:32	298	2026-09-03T23:35	spetsmat-bot	R9-wt-done	R1-ok		ok	yes	2026-09-03T22:53		
/Users/ivanyakovlev/Documents/GitHub/spetsmat-bot-wt/verstka-raspredeleniya	worktree	https://github.com/d1-d57/spetsmat-179.git	zahod/verstka-raspredeleniya	main	2	0	2	2	30.2	2026-09-02T07:05	2026-09-10T02:07	644	2026-09-10T02:27	spetsmat-bot	R3-park	R3-park		ok	yes	2026-09-10T01:23		work
/Users/ivanyakovlev/Documents/GitHub/spetsmat-bot-wt/vhod-organizatora-dorabotka	worktree	https://github.com/d1-d57/spetsmat-179.git	zahod/vhod-organizatora-dorabotka	main	0	0	0	0	12.2	2026-09-02T07:05	2026-09-04T18:07	352	2026-09-04T18:09	spetsmat-bot	R9-wt-done	R1-ok		ok	yes	2026-09-04T17:23		
/Users/ivanyakovlev/Documents/GitHub/spetsmat-bot-wt/vidy-zadach	worktree	https://github.com/d1-d57/spetsmat-179.git	zahod/vidy-zadach	main	0	0	0	0	30.5	2026-09-02T07:05	2026-09-10T03:38	679	2026-09-10T03:39	spetsmat-bot	R9-wt-done	R1-ok		ok	yes	2026-09-10T01:16		
/Users/ivanyakovlev/Documents/GitHub/spetsmat-bot-wt/vnesenie-zadach	worktree	https://github.com/d1-d57/spetsmat-179.git	zahod/vnesenie-zadach	main	1	0	1	1	30.8	2026-09-02T07:05	2026-09-10T05:38	707	2026-09-10T05:41	spetsmat-bot	R3-park	R3-park		ok	yes	2026-09-10T04:51		work
/Users/ivanyakovlev/Documents/GitHub/spetsmat-bot-wt/volna-b-server	worktree	https://github.com/d1-d57/spetsmat-179.git	volna-b-server	main	0	0	0	0	60.4	2026-09-02T07:05	2026-09-23T06:41	1087	2026-09-23T06:41	spetsmat-bot	R2-push	R2-push		ok	no	2026-09-23T05:06		
/Users/ivanyakovlev/Documents/GitHub/spetsmat-bot-wt/vygruzka-v-tablicu	worktree	https://github.com/d1-d57/spetsmat-179.git	zahod/vygruzka-v-tablicu	main	0	0	0	0	27.0	2026-09-02T07:05	2026-09-08T00:24	575	2026-09-08T00:24	spetsmat-bot	R9-wt-done	R1-ok		ok	yes	2026-09-08T00:02		
/Users/ivanyakovlev/Documents/GitHub/spetsmat-bot-wt/vykatka-tunnel-i-storozh	worktree	https://github.com/d1-d57/spetsmat-179.git	vykatka-tunnel-i-storozh	main	0	1	1	1	6.5	2026-09-02T07:05	2026-09-03T23:21	293	2026-09-03T23:26	spetsmat-bot	R3-park	R3-park		ok	yes	2026-09-03T22:46		work
/Users/ivanyakovlev/Documents/GitHub/spetsmat-bot-wt/zamer-C-v1-baza	worktree	https://github.com/d1-d57/spetsmat-179.git	zamer/C-v1-baza-759ef40	main	1	0	1	1	66.0	2026-09-02T07:05	2026-09-23T16:49	1433	2026-09-23T18:26	spetsmat-bot	R10-wt-residue	R3-park		ok	yes	2026-09-23T17:49		generated-only
/Users/ivanyakovlev/Documents/GitHub/spetsmat-bot-wt/zamer-baza	worktree	https://github.com/d1-d57/spetsmat-179.git	zamer/baza-457342e	main	17	0	17	17	48.7	2026-09-02T07:05	2026-09-11T01:58	869	2026-09-11T02:50	spetsmat-bot	R3-park	R3-park		ok	yes	2026-09-11T02:01		work
/Users/ivanyakovlev/Documents/GitHub/spetsmat-bot-wt/zamer-noch2	worktree	https://github.com/d1-d57/spetsmat-179.git	zamer/noch2-01391ae	main	43	0	43	43	49.1	2026-09-02T07:05	2026-09-11T01:10	852	2026-09-11T03:10	spetsmat-bot	R3-park	R3-park		ok	yes	2026-09-11T01:15		work
/Users/ivanyakovlev/Documents/GitHub/spetsmat-bot-wt/zhurnal-setka	worktree	https://github.com/d1-d57/spetsmat-179.git	zahod/zhurnal-setka	main	0	1	1	1	61.2	2026-09-02T07:05	2026-09-11T12:27	954	2026-09-11T12:27	spetsmat-bot	R10-wt-residue	R3-park		ok	yes	2026-09-11T11:22		scratch-only
/Users/ivanyakovlev/Documents/GitHub/spetsmat-bot	main	https://github.com/d1-d57/spetsmat-179.git	main	main	5	3	8	8	565.7	2026-09-02T07:05	2026-09-24T16:25	1662	2026-09-24T16:43	spetsmat-bot	R3-park	R3-park		ok	yes	2026-09-02T07:05		work
/Users/ivanyakovlev/Documents/GitHub/spetsmat/spetsmat_db	main	none	tagging	none	0	1	1	1	104.5	2026-06-16T05:21	2026-06-26T04:40	330	2026-09-01T15:06	База задач спецмата	R3-park	R3-park		no-origin		2026-06-18T04:43		work
/Users/ivanyakovlev/Documents/GitHub/vanya	main	https://github.com/d1-d57/vanya.git	main	main	6	5	11	11	0.4	2026-08-19T21:51	2026-09-17T23:49	8	2026-09-23T15:29	vanya — базовая информация о Ване Яковлеве	R3-park	R3-park		ok	yes	2026-08-19T21:51		work
