time	repo	local_branch	tip	result	restore
2026-09-25 12:24	materials	zahod/chistka-hvostov	70c888dd9f4dbb3b2905c2ed63c158cc77f905a7	deleted	git -C /Users/ivanyakovlev/Documents/GitHub/materials branch zahod/chistka-hvostov 70c888dd9f4dbb3b2905c2ed63c158cc77f905a7
2026-09-25 12:24	materials	zahod/dobivka-dolgov	8fce8cf5e7f68b1a962d969a75c3b0b68a9ca1fb	deleted	git -C /Users/ivanyakovlev/Documents/GitHub/materials branch zahod/dobivka-dolgov 8fce8cf5e7f68b1a962d969a75c3b0b68a9ca1fb
2026-09-25 12:24	materials	zahod/dovodka-fazy-intervyu	a0e3e18c1b73087c4dbc7d3a9fee86c9d1137f5c	deleted	git -C /Users/ivanyakovlev/Documents/GitHub/materials branch zahod/dovodka-fazy-intervyu a0e3e18c1b73087c4dbc7d3a9fee86c9d1137f5c
2026-09-25 12:24	materials	zahod/uborka-pered-pauzoj	34c9a4eef904515065c17e760ae1142af58ff413	deleted	git -C /Users/ivanyakovlev/Documents/GitHub/materials branch zahod/uborka-pered-pauzoj 34c9a4eef904515065c17e760ae1142af58ff413
2026-09-25 12:24	materials	zahod/vlit-i-uspokoitsya	e6fd580d13697bf772feb6e02c9abd9c609eee89	deleted	git -C /Users/ivanyakovlev/Documents/GitHub/materials branch zahod/vlit-i-uspokoitsya e6fd580d13697bf772feb6e02c9abd9c609eee89
2026-09-25 12:24	materials	zahod/vlitie-i-vitrina-kursa	e21a4bae3f900640726b9c8e5fd2e795e4604cf0	deleted	git -C /Users/ivanyakovlev/Documents/GitHub/materials branch zahod/vlitie-i-vitrina-kursa e21a4bae3f900640726b9c8e5fd2e795e4604cf0
2026-09-25 12:24	disciplina	zahod/baza-i-srez-pri-podyome	9ceedcb38a9a27325da93a394553893b3c2368a2	deleted	git -C /Users/ivanyakovlev/Documents/GitHub/disciplina branch zahod/baza-i-srez-pri-podyome 9ceedcb38a9a27325da93a394553893b3c2368a2
2026-09-25 12:24	disciplina	zahod/cena-volny-snimaetsya-instrumentom	c59a67577c4274aaa74643b45bfe2ac37493de9e	deleted	git -C /Users/ivanyakovlev/Documents/GitHub/disciplina branch zahod/cena-volny-snimaetsya-instrumentom c59a67577c4274aaa74643b45bfe2ac37493de9e
2026-09-25 12:24	disciplina	zahod/dajdzhest-otvyazka-ot-repo	5517f5b544fe3753e8817a5e2985317e75b1d680	deleted	git -C /Users/ivanyakovlev/Documents/GitHub/disciplina branch zahod/dajdzhest-otvyazka-ot-repo 5517f5b544fe3753e8817a5e2985317e75b1d680
2026-09-25 12:24	disciplina	zahod/dirizher-klass-prichiny-mashinno	9500e64d39165374e10c96a4bbd70d2275b2ed53	deleted	git -C /Users/ivanyakovlev/Documents/GitHub/disciplina branch zahod/dirizher-klass-prichiny-mashinno 9500e64d39165374e10c96a4bbd70d2275b2ed53
2026-09-25 12:24	disciplina	zahod/faza-uborki-razrezana	6ed2d970f0d89010119592f3b9103a9933e11424	deleted	git -C /Users/ivanyakovlev/Documents/GitHub/disciplina branch zahod/faza-uborki-razrezana 6ed2d970f0d89010119592f3b9103a9933e11424
2026-09-25 12:24	disciplina	zahod/generator-startovaya-stroka	263ecd3f40cf6f44c80bee458328559a7606709d	deleted	git -C /Users/ivanyakovlev/Documents/GitHub/disciplina branch zahod/generator-startovaya-stroka 263ecd3f40cf6f44c80bee458328559a7606709d
2026-09-25 12:24	disciplina	zahod/hvosty-d10	6ed2d970f0d89010119592f3b9103a9933e11424	deleted	git -C /Users/ivanyakovlev/Documents/GitHub/disciplina branch zahod/hvosty-d10 6ed2d970f0d89010119592f3b9103a9933e11424
2026-09-25 12:24	disciplina	zahod/hvosty-vynosa	84e9535fc9b0b9e0633664549092928f82d4b11b	deleted	git -C /Users/ivanyakovlev/Documents/GitHub/disciplina branch zahod/hvosty-vynosa 84e9535fc9b0b9e0633664549092928f82d4b11b
2026-09-25 12:24	disciplina	zahod/kanon-mandata-v-generatore	4e6a47130c88db003229a91b74749bd1d50befab	deleted	git -C /Users/ivanyakovlev/Documents/GitHub/disciplina branch zahod/kanon-mandata-v-generatore 4e6a47130c88db003229a91b74749bd1d50befab
2026-09-25 12:24	disciplina	zahod/karta-mashiny-orkestratora	38438d2e72d81d5e0ab41182b7350f9f386228ad	deleted	git -C /Users/ivanyakovlev/Documents/GitHub/disciplina branch zahod/karta-mashiny-orkestratora 38438d2e72d81d5e0ab41182b7350f9f386228ad
2026-09-25 12:24	disciplina	zahod/kartochka-uroka-chem-i-predmet	38438d2e72d81d5e0ab41182b7350f9f386228ad	deleted	git -C /Users/ivanyakovlev/Documents/GitHub/disciplina branch zahod/kartochka-uroka-chem-i-predmet 38438d2e72d81d5e0ab41182b7350f9f386228ad
2026-09-25 12:24	disciplina	zahod/mandat-atomarnaya-zapis-i-lint	dbedab429cdd50e761d8b1f97cf20eb685c95f12	deleted	git -C /Users/ivanyakovlev/Documents/GitHub/disciplina branch zahod/mandat-atomarnaya-zapis-i-lint dbedab429cdd50e761d8b1f97cf20eb685c95f12
2026-09-25 12:24	disciplina	zahod/ostatok-generatora	0ebd89d8881f2c25423dde240951b2b0dcf5b1d9	deleted	git -C /Users/ivanyakovlev/Documents/GitHub/disciplina branch zahod/ostatok-generatora 0ebd89d8881f2c25423dde240951b2b0dcf5b1d9
2026-09-25 12:24	disciplina	zahod/pechat-imeni-ne-vyzov	38438d2e72d81d5e0ab41182b7350f9f386228ad	deleted	git -C /Users/ivanyakovlev/Documents/GitHub/disciplina branch zahod/pechat-imeni-ne-vyzov 38438d2e72d81d5e0ab41182b7350f9f386228ad
2026-09-25 12:24	disciplina	zahod/pokrytie-chtenie-i-klassifikaciya	9500e64d39165374e10c96a4bbd70d2275b2ed53	deleted	git -C /Users/ivanyakovlev/Documents/GitHub/disciplina branch zahod/pokrytie-chtenie-i-klassifikaciya 9500e64d39165374e10c96a4bbd70d2275b2ed53
2026-09-25 12:24	disciplina	zahod/pokrytie-geyt-i-schyotchik	57c7a09a8d749acc3f409e0fda4cc108e365cd03	deleted	git -C /Users/ivanyakovlev/Documents/GitHub/disciplina branch zahod/pokrytie-geyt-i-schyotchik 57c7a09a8d749acc3f409e0fda4cc108e365cd03
2026-09-25 12:24	disciplina	zahod/priyomka-g3-g12-g14-vetka	edc532b3c06681a09425de6f1abf0f5696608712	deleted	git -C /Users/ivanyakovlev/Documents/GitHub/disciplina branch zahod/priyomka-g3-g12-g14-vetka edc532b3c06681a09425de6f1abf0f5696608712
2026-09-25 12:24	disciplina	zahod/razmetka-urokov-orkestratora	af0bb9ebbd2468b6755755495071d1d09954009c	deleted	git -C /Users/ivanyakovlev/Documents/GitHub/disciplina branch zahod/razmetka-urokov-orkestratora af0bb9ebbd2468b6755755495071d1d09954009c
2026-09-25 12:24	disciplina	zahod/sborka-s4-s7	c58c14241f2ed76089fb604cb1ae82066f437bdd	deleted	git -C /Users/ivanyakovlev/Documents/GitHub/disciplina branch zahod/sborka-s4-s7 c58c14241f2ed76089fb604cb1ae82066f437bdd
2026-09-25 12:24	disciplina	zahod/schet-rychagov-i-rol-hod	feb487b60505c233fb885653cb6f041b72aba801	deleted	git -C /Users/ivanyakovlev/Documents/GitHub/disciplina branch zahod/schet-rychagov-i-rol-hod feb487b60505c233fb885653cb6f041b72aba801
2026-09-25 12:24	disciplina	zahod/skill-dajdzhest-dovodka	66a2fea8cc690b97fad3b8b95f421d0655df4ebc	deleted	git -C /Users/ivanyakovlev/Documents/GitHub/disciplina branch zahod/skill-dajdzhest-dovodka 66a2fea8cc690b97fad3b8b95f421d0655df4ebc
2026-09-25 12:24	disciplina	zahod/skill-reserch-dovodka	11865ea161537fab1eceece54d5f8cd084b3ace8	deleted	git -C /Users/ivanyakovlev/Documents/GitHub/disciplina branch zahod/skill-reserch-dovodka 11865ea161537fab1eceece54d5f8cd084b3ace8
2026-09-25 12:24	disciplina	zahod/skvoznoj-progon	2af3bb050068f215810a88d84bf9b7e829ff2288	deleted	git -C /Users/ivanyakovlev/Documents/GitHub/disciplina branch zahod/skvoznoj-progon 2af3bb050068f215810a88d84bf9b7e829ff2288
2026-09-25 12:24	disciplina	zahod/sostav-zhurnal-i-prichiny-po-id	9fea38fdc8cd0987d959e1765d50858b55564e4f	deleted	git -C /Users/ivanyakovlev/Documents/GitHub/disciplina branch zahod/sostav-zhurnal-i-prichiny-po-id 9fea38fdc8cd0987d959e1765d50858b55564e4f
2026-09-25 12:24	disciplina	zahod/sudya-ne-perepisyvaet-cheloveka	1deabe3291ae1e3280bb6ce8926e2920b0506b28	deleted	git -C /Users/ivanyakovlev/Documents/GitHub/disciplina branch zahod/sudya-ne-perepisyvaet-cheloveka 1deabe3291ae1e3280bb6ce8926e2920b0506b28
2026-09-25 12:24	disciplina	zahod/vyhod-s-ozhidaniem	9ceedcb38a9a27325da93a394553893b3c2368a2	deleted	git -C /Users/ivanyakovlev/Documents/GitHub/disciplina branch zahod/vyhod-s-ozhidaniem 9ceedcb38a9a27325da93a394553893b3c2368a2
2026-09-25 12:24	disciplina	zahod/vyvoz-i-nadgrobiya	aa7527107f8a66f742488b128188116789c3c33b	deleted	git -C /Users/ivanyakovlev/Documents/GitHub/disciplina branch zahod/vyvoz-i-nadgrobiya aa7527107f8a66f742488b128188116789c3c33b
2026-09-25 12:24	disciplina	zahod/workflow-lekcia	29b3af2c315b3cdec745262f4e4b8aa882fd3c4b	deleted	git -C /Users/ivanyakovlev/Documents/GitHub/disciplina branch zahod/workflow-lekcia 29b3af2c315b3cdec745262f4e4b8aa882fd3c4b
2026-09-25 12:24	disciplina	zahod/zakon-zakrytiya-ohvat-i-uslovie-g	6893d523de63d14461f78b53487a343f2b0c200c	deleted	git -C /Users/ivanyakovlev/Documents/GitHub/disciplina branch zahod/zakon-zakrytiya-ohvat-i-uslovie-g 6893d523de63d14461f78b53487a343f2b0c200c
2026-09-25 12:24	disciplina	zahod/zakon-zakrytiya-perepisan-i-sudit-sebya	4a6d192a92780e067ce7aac3de7afcdde3154474	deleted	git -C /Users/ivanyakovlev/Documents/GitHub/disciplina branch zahod/zakon-zakrytiya-perepisan-i-sudit-sebya 4a6d192a92780e067ce7aac3de7afcdde3154474
2026-09-25 12:24	disciplina	zahod/zhivost-modeli-dovozit-a-ne-otvechaet	2cd066b06bcf3c4e8aec6f9b605acd1167436148	deleted	git -C /Users/ivanyakovlev/Documents/GitHub/disciplina branch zahod/zhivost-modeli-dovozit-a-ne-otvechaet 2cd066b06bcf3c4e8aec6f9b605acd1167436148
2026-09-25 12:24	disciplina	zahod/zhivost-porog-i-posledovatelno	28815e60992d1eb450c6ca9740097c65e022ad07	deleted	git -C /Users/ivanyakovlev/Documents/GitHub/disciplina branch zahod/zhivost-porog-i-posledovatelno 28815e60992d1eb450c6ca9740097c65e022ad07
2026-09-25 12:24	spetsmat-179	zahod/B2-v10-ochered	25a3275b22f640fa1ed22e96ee79b4ba680232a7	deleted	git -C /Users/ivanyakovlev/Documents/GitHub/spetsmat-bot branch zahod/B2-v10-ochered 25a3275b22f640fa1ed22e96ee79b4ba680232a7
2026-09-25 12:24	spetsmat-179	zahod/poisk-i-kartochka	cba0a778ba6eb65ede14ed608f475817085c7e00	deleted	git -C /Users/ivanyakovlev/Documents/GitHub/spetsmat-bot branch zahod/poisk-i-kartochka cba0a778ba6eb65ede14ed608f475817085c7e00
