# id	ЧИСЛО	АДРЕС	ЦИТАТА
V0002	27 минут репетиции на 4 слайда — темп прохода дека	teorkat-vvedenie/repeticia/akt-1-razbor.md#Ход записи — чем сменялось что, строки 38–38	запись уже, к сожалению, 27 минут, хотя мы всего на четвертом слайде
V0008	2 пункта на уровень (первый и второй, третий и четвёртый) — шаг нумерации в сетке	teorkat-vvedenie/repeticia/akt-1-razbor.md#Комментарий 3 — [12:46], слайд: дек 3 — «Семь тождеств», строки 78–86	я бы поменял бы порядок нумераций. Я бы делал не сверху снизу, слева направо, а слева направо, сверху вниз. То есть, первый и второй на одном уровне, третий и четвертый на одном уровне и так далее. Вот. Потому что, типа,
V0011	1 колонка вместо нескольких — вёрстка слайда с малым содержанием	teorkat-vvedenie/repeticia/akt-1-razbor.md#Комментарий 3 — [12:46], слайд: дек 3 — «Семь тождеств», строки 98–104	если, в принципе, нечего писать тебе, да, если ты понимаешь то, что, как бы, тут нечего, не на что тратить. Текст, то ничего, сделай меньше текста, просто можно сделать просто в одну колонку, да, и все, растянуть это, и 
V0016	2–3 фразы — объём, в который должен уложиться абзац на слайде	teorkat-vvedenie/repeticia/akt-1-razbor.md#Комментарий 3 — [12:46], слайд: дек 3 — «Семь тождеств», строки 144–148	В правильной стилистике, там, двумя-тремя фразами, что, как бы, что, значит, мы требуем именно, то есть, доказательства бывают разные: через формулу, по индукции, через бином Ньютона.
V0028	6 элементов; коробка не 4, а 2 на 4 — форма и размер контейнера на иллюстрации	teorkat-vvedenie/repeticia/akt-1-razbor.md#Комментарий 4 — [21:11], слайд: дек 4 — разбор примера, строки 236–240	если ты выбрал 6 элементов, хотя можно было бы сделать коробку более хитрую какую-нибудь. Я бы сделал коробку там, ну, типа не 4, а там, например, 2 на 4. Да, это можно как-то хитрее сделать.
V0029	2 чёрных, 1 красная, 3 белых точки — разные мощности классов на иллюстрации	teorkat-vvedenie/repeticia/akt-1-razbor.md#Комментарий 4 — [21:11], слайд: дек 4 — разбор примера, строки 240–242	Ну, если ты хочешь такую картинку, окей, но тогда ты сделай хотя бы, чтобы в одном было 2, ну, чтобы черных 2 точки, красных 1, например, белых 3. Сделай так хотя бы.
V0032	на рисунке остаются только числа 2 и 1 — предельный объём подписей	teorkat-vvedenie/repeticia/akt-1-razbor.md#Комментарий 4 — [21:11], слайд: дек 4 — разбор примера, строки 250–250	мы не подписываем. Это не нужно для иллюстрации. 2 и 1 нужно. Больше ничего не нужно.
V0039	50 минут фактически против 90 плановых; начало на 10 минут позже; около часа вместе с Серп	lsh-2026-perechislitelnaya/otkrytaya-lekcia-paskal/raskadrovka/RAZBOR-posle-lekcii-2026-07-27.md#0. ГЛАВНОЕ, строки 8–10	ГЛАВНОЕ: лекция кончилась за 50 минут вместо 90 … Начали на 10 минут позже, отговорили примерно 50 минут, с Серпинским и Паскалем — около часа.
V0040	50 минут — верхняя оценка хронометража нынешнего содержания	lsh-2026-perechislitelnaya/otkrytaya-lekcia-paskal/raskadrovka/RAZBOR-posle-lekcii-2026-07-27.md#0. ГЛАВНОЕ, строки 11–12	Владелец при этом ускорился и в какой-то момент перестал задавать вопросы в зал, то есть 50 минут — оценка сверху для нынешнего содержания, а не снизу.
V0042	$n=4$ — конкретный случай, который считают руками до общей формулы	lsh-2026-perechislitelnaya/otkrytaya-lekcia-paskal/raskadrovka/RAZBOR-posle-lekcii-2026-07-27.md#0. ГЛАВНОЕ, строки 21–23	Сначала конкретное число или картинка, потом общая формула. Всегда.
V0045	100 шагов вместо буквы $2n$	lsh-2026-perechislitelnaya/otkrytaya-lekcia-paskal/raskadrovka/RAZBOR-posle-lekcii-2026-07-27.md#1. Сквозные правки, строки 35–36	в постановке — убрать. Спрашиваем про 100 шагов, конкретное число.
V0052	100 шагов вместо $2n$	lsh-2026-perechislitelnaya/otkrytaya-lekcia-paskal/raskadrovka/RAZBOR-posle-lekcii-2026-07-27.md#2. S2 · Пьяница у обрыва, строка 56	продержится 100 шагов
V0053	два действия	lsh-2026-perechislitelnaya/otkrytaya-lekcia-paskal/raskadrovka/RAZBOR-posle-lekcii-2026-07-27.md#2. S2 · Пьяница у обрыва, строка 61	Два действия, запускаются последовательно, а не одновременно
V0058	5 шагов, затем 10 — конкретные числа в вопросе к залу	lsh-2026-perechislitelnaya/otkrytaya-lekcia-paskal/raskadrovka/RAZBOR-posle-lekcii-2026-07-27.md#3. S3 · Столбцы, строки 87–89	и его отсутствие на слайде — брак
V0062	довести до 7–8 шага вместо 4–5	lsh-2026-perechislitelnaya/otkrytaya-lekcia-paskal/raskadrovka/RAZBOR-posle-lekcii-2026-07-27.md#3. S3 · Столбцы, строки 109–110	уже по ширине и вытянутее по вертикали, довести до 7–8 шага, а не до 4–5. Тогда правая полоса становится уже, и тексту достаётся больше места.
V0064	точка 3 за 8 шагов	lsh-2026-perechislitelnaya/otkrytaya-lekcia-paskal/raskadrovka/RAZBOR-posle-lekcii-2026-07-27.md#4. S4 · Треугольник Паскаля, строка 118	Сколькими способами можно попасть в точку 3 за 8 шагов?
V0070	один слайд разбивается на три	lsh-2026-perechislitelnaya/otkrytaya-lekcia-paskal/raskadrovka/RAZBOR-posle-lekcii-2026-07-27.md#5. S5 · Облики, строка 144	На один слайд не влезают ни биекция, ни вывод формулы. Владелец: делаем три.
V0072	три действия сразу / три облика	lsh-2026-perechislitelnaya/otkrytaya-lekcia-paskal/raskadrovka/RAZBOR-posle-lekcii-2026-07-27.md#5A. Три облика, строки 151–154	Один и тот же исход в трёх обликах, на глазах.
V0081	по 10 монет на игрока; вопрос 7 бота	lsh-2026-perechislitelnaya/otkrytaya-lekcia-paskal/raskadrovka/RAZBOR-posle-lekcii-2026-07-27.md#6. S6 · Разрез по центру, строки 196–197	потерялась. Вернуть, она интересная
V0093	три слова плюс пять слов дают восемь (проверка на $F_4$)	lsh-2026-perechislitelnaya/otkrytaya-lekcia-paskal/raskadrovka/RAZBOR-posle-lekcii-2026-07-27.md#8B. Разрез, строки 235–238	Сначала проверить на конкретном числе. … и прямо показать биекцию: слова, возникшие на двух предыдущих шагах, дают слова текущего.
V0096	два слайда сжаты в один	lsh-2026-perechislitelnaya/otkrytaya-lekcia-paskal/raskadrovka/RAZBOR-posle-lekcii-2026-07-27.md#9. S9 · Домики → ДВА СЛАЙДА, строки 267–268	*Замечание владельца: здесь, как и с Фибоначчи, «просто сэкономлено» — два слайда сжаты
V0101	начинать с $2n=0$, потом 2, 4, 6 (вместо $2n=4$)	lsh-2026-perechislitelnaya/otkrytaya-lekcia-paskal/raskadrovka/RAZBOR-posle-lekcii-2026-07-27.md#10. S10 · Пьяница возвращается, строки 276–276	**Начинать не с $2n=4$, а с $2n=0$**, потом 2, 4, 6 — и выписывать, строя большую табличку.
V0102	выписывать пути для 2, 6, 20; 70 не выписывать	lsh-2026-perechislitelnaya/otkrytaya-lekcia-paskal/raskadrovka/RAZBOR-posle-lekcii-2026-07-27.md#10. S10 · Пьяница возвращается, строки 280–280	**Выписать пути** для 2, 6 и 20 (70 выписывать не будем)
V0116	одно разрешённое место для буквы $n$ на всю лекцию	lsh-2026-perechislitelnaya/otkrytaya-lekcia-paskal/raskadrovka/RAZBOR-posle-lekcii-2026-07-27.md#16.2. Числа вместо букв — жёсткое правило, строки 385–386	**$n$ запрещено везде, кроме одного места** — универсальной формулы для биномиального … Во всех остальных местах — конкретные числа.
V0117	100 шагов	lsh-2026-perechislitelnaya/otkrytaya-lekcia-paskal/raskadrovka/RAZBOR-posle-lekcii-2026-07-27.md#16.2. Числа вместо букв — жёсткое правило, строки 383–384	**Начинаем со 100 шагов.** Именно это потом **обосновывает работу с чётными**: задача
V0118	10 бросков против 100	lsh-2026-perechislitelnaya/otkrytaya-lekcia-paskal/raskadrovka/RAZBOR-posle-lekcii-2026-07-27.md#16.2. Числа вместо букв — жёсткое правило, строки 387–388	**Фибоначчи тоже начинаем с конкретного:** «с какой вероятностью, бросив монетку 10 раз, … Число поменьше, чем 100.
V0119	последний слайд — единственное место для общего случая	lsh-2026-perechislitelnaya/otkrytaya-lekcia-paskal/raskadrovka/RAZBOR-posle-lekcii-2026-07-27.md#16.2. Числа вместо букв — жёсткое правило, строки 390–390	**В самом конце, последним слайдом**, сказать: а если бы шагов было не 100, а $2n$, вышло
V0120	20–22 слайда на лекцию	lsh-2026-perechislitelnaya/otkrytaya-lekcia-paskal/raskadrovka/RAZBOR-posle-lekcii-2026-07-27.md#16.3. Объём, строки 395–395	Слайдов — **до 20–22, допустимо любое разумное количество**, лишь бы было понятно.
V0125	8 слов слева, 5 и 3 справа	lsh-2026-perechislitelnaya/otkrytaya-lekcia-paskal/raskadrovka/RAZBOR-posle-lekcii-2026-07-27.md#16.5. Фибоначчи — что брать из проекта `fibonacci/`, строки 416	слева выписаны **все 8 слов**; … справа — **5 слов и 3 слова** отдельными группами;
V0127	10 строк треугольника — предел читаемости	lsh-2026-perechislitelnaya/otkrytaya-lekcia-paskal/raskadrovka/RAZBOR-posle-lekcii-2026-07-27.md#16.6. S7 — канвас суммы квадратов, строки 426–426	Треугольник **до 10-й строки** (дальше вопрос шрифта).
V0134	шесть первых слагаемых вместо трёх	lsh-2026-perechislitelnaya/otkrytaya-lekcia-paskal/raskadrovka/RAZBOR-posle-lekcii-2026-07-27.md#16.8. Телескоп — как писать, строки 453–454	в скобках первые два слагаемых с разностью, потом следующие два, потом ещё два — … **шесть первых слагаемых, а не три**;
V0135	две последние скобки	lsh-2026-perechislitelnaya/otkrytaya-lekcia-paskal/raskadrovka/RAZBOR-posle-lekcii-2026-07-27.md#16.8. Телескоп — как писать, строки 456–457	**последние слагаемые тоже выписать, и последних скобок должно быть ДВЕ** — чтобы было
V0140	две строки на финальном слайде	lsh-2026-perechislitelnaya/otkrytaya-lekcia-paskal/raskadrovka/RAZBOR-posle-lekcii-2026-07-27.md#17.2. Нечётная длина — формула другая, чем прозвучала, строки 5	но её и просили не … показывать школьникам. На финальном слайде честнее двумя строками: для чётной длины так,
V0143	10 шагов в выкладках, 100 в постановке и финале	lsh-2026-perechislitelnaya/otkrytaya-lekcia-paskal/raskadrovka/RAZBOR-posle-lekcii-2026-07-27.md#17.5. Рабочее число второй половины — 10, строки 545–546	Все выкладки второй половины на 10 шагах. 100 остаётся в постановке и в финале, и переход
V0144	две картинки вместо одной	lsh-2026-perechislitelnaya/otkrytaya-lekcia-paskal/raskadrovka/RAZBOR-posle-lekcii-2026-07-27.md#17.6. Задача про дежурных — какие связи важны, строки 555–557	**И то, и другое нужно,** потому что дают два разных способа заполнять треугольник … Обе картинки рисуем, обе
V0145	один рисунок вместо двух	lsh-2026-perechislitelnaya/otkrytaya-lekcia-paskal/raskadrovka/RAZBOR-posle-lekcii-2026-07-27.md#17.7. Первый слайд — один рисунок, две фазы, строки 561–561	Не два рисунка рядом, а **один, растущий**:
V0146	12 вопросов, проверяемых поимённо перед сборкой	lsh-2026-perechislitelnaya/otkrytaya-lekcia-paskal/raskadrovka/RAZBOR-posle-lekcii-2026-07-27.md#17.8. Новое сквозное требование, строки 569–571	**Все 12 вопросов из `VOPROSY-bot.md` должны быть отражены в лекции** — не только те, … Перед сборкой проверить поимённо, что для каждого вопроса
V0177	слайд оказался 19-м вместо места после 16-го	_studio/zhurnal/2026-07-28_konspekt-l1/PRAVKI-final.md#14. 🔴 ПОПРАВКА к §12: слайд Эйленберга–Маклейна НЕ пропал — он стоит 19-м, строки 124–124	«я нашёл про Эйленберга–Маклейна слайд, он 19-й, он должен был встать раньше. Он не встал туда»
V0187	остаётся 1 картинка из 3	_studio/zhurnal/2026-07-28_konspekt-l1/PRAVKI-final.md#17. Слайд 20 — «Есть ли естественный изоморфизм?», строки 160–160	первая и вторая сверху — **убрать**; оставить **только самую нижнюю, по центру**.
V0194	одна сцена вместо двух	_studio/zhurnal/2026-07-28_konspekt-l1/PRAVKI-final.md#21. 🔴 ЧАСТЬ 4, СЛАЙДЫ 26–29 — ПОМЕНЯТЬ ПОРЯДОК 26 ↔ 27 и починить сцены, строки 191–192	**Порядок внутри перевёрнут неправильно:** сейчас на первой сцене доказательство, на второй определение. **Должно быть наоборот.** … **Сделать ОДНУ сцену:** **определение сверху, доказательство снизу.**
V0202	три пункта из восьми не сделаны из-за неадресуемости	_studio/zhurnal/2026-07-28_konspekt-l1/PRAVKI-final.md#🔴🔴 АДРЕСАЦИЯ ПО ЗАГОЛОВКАМ — единственный надёжный адрес, строки 224–224	«три пункта из восьми не сделаны не по времени, а потому что цель не адресуется… правки записывать заголовком слайда (он живёт) рядом с номером (он умирает)»
V0211	полминуты на размышление над вопросом	lsh-2026-perechislitelnaya/otkrytaya-lekcia-paskal/raskadrovka/PRAVKI-sceny-i-animacii.md#Главное правило, из которого всё следует, строки 9–9	Слушатель отвечает в бот **во время лекции**, на размышление полминуты.
V0212	вдвое больше слайдов — цена дробления	lsh-2026-perechislitelnaya/otkrytaya-lekcia-paskal/raskadrovka/PRAVKI-sceny-i-animacii.md#Главное правило, из которого всё следует, строки 21–21	Дробить слайды под каждый вопрос нельзя — их станет вдвое больше.
V0213	3 вопроса на S3, по 2 на S5 и S7	lsh-2026-perechislitelnaya/otkrytaya-lekcia-paskal/raskadrovka/PRAVKI-sceny-i-animacii.md#Карта: вопрос → слайд → что скрыть, строки 40–41	**S3 несёт три вопроса подряд** — это самый нагруженный слайд лекции. … **S5 и S7 несут по два.**
V0214	шесть сцен на слайд — порог «много»	lsh-2026-perechislitelnaya/otkrytaya-lekcia-paskal/raskadrovka/PRAVKI-sceny-i-animacii.md#Что меняется в сценах, строки 56–57	Шесть сцен на слайд — много, но текста там мало, а лектор на этом слайде трижды … Не влезет — резать на два слайда по границе
V0220	три статичных кадра вместо движения	lsh-2026-perechislitelnaya/otkrytaya-lekcia-paskal/raskadrovka/PRAVKI-sceny-i-animacii.md#Анимации — где они несут смысл, строки 89–90	Сейчас три статичных кадра; переворот в движении — тот случай, когда анимация … и есть доказательство.
V0224	32 слайда всего, 8 слайдов в среднем на раздел	teorkat-vvedenie/repeticia/PRAVKI.md#КОРЕНЬ ВСЕГО, строки 41–43	«мы обсуждали, что вот их там 32 слайда, то есть **условно на раздел в среднем 8 слайдов** … получается. **Это число взято не просто так.** То есть этот слайд — это действительно **одна
V0226	минута на экран текста	teorkat-vvedenie/repeticia/PRAVKI.md#КОРЕНЬ ВСЕГО, строки 47–48	естественно, бессмысленно — показывать текст размером с весь экран и тратить на это минуту.
V0227	7–8 слайдов = 7–8 экранов	teorkat-vvedenie/repeticia/PRAVKI.md#КОРЕНЬ ВСЕГО, строки 50–51	«если мы говорим, что там 7 слайдов или 8, **это должно быть реально 7–8 экранов**»
V0229	5 сцен → 10 минут вместо 5	teorkat-vvedenie/repeticia/PRAVKI.md#КОРЕНЬ ВСЕГО, строки 59–60	«если у тебя таких сцен, которые полный экран занимают полностью, их там, ну там, не знаю,
V0230	2 часа, 32 слайда, 4 минуты → допустим 3–3,5 минуты на слайд	teorkat-vvedenie/repeticia/PRAVKI.md#КОРЕНЬ ВСЕГО, строки 60–63	**5 штук, то это не будет 5 минут, это будет 10 минут, то есть это не попадает в тайминг наш … вообще**. У нас довольно жёсткий тайминг, у нас действительно есть тут вот условно **2 часа,
V0231	3,5 минуты на слайд = один экран	teorkat-vvedenie/repeticia/PRAVKI.md#КОРЕНЬ ВСЕГО, строки 62–63	32 слайда — это значит, что 4 минуты на слайд, меньше… допустим, три минуты, ну, примерно, … три с половиной минуты на слайд. Это значит ОДИН ЭКРАН**»
V0232	три сцены на одном слайде	teorkat-vvedenie/repeticia/PRAVKI.md#КОРЕНЬ ВСЕГО, строки 74–75	«вот это пример как раз, где **три сцены разворачиваются на одном и том же слайде, потому что … у них заголовок одинаковый**»
V0233	три экрана	teorkat-vvedenie/repeticia/PRAVKI.md#КОРЕНЬ ВСЕГО, строки 76–78	«один слайд должен быть про группы, где в нескольких итерациях разворачивается история… … сначала про раскраски, про инъекции, потом про группы, потом общий случай. **Это три экрана**»
V0234	10 примеров ≈ 3,5 минуты ≈ один экран	teorkat-vvedenie/repeticia/PRAVKI.md#КОРЕНЬ ВСЕГО, строки 85–87	«если у тебя есть слайд, который ты считаешь, что его можно рассказать, условно, я говорю, … **за три с половиной минуты, и на нём просто 10 примеров разных категорий, то его и можно … поместить на один слайд**. И мы это
V0235	один экран	teorkat-vvedenie/repeticia/PRAVKI.md#КОРЕНЬ ВСЕГО, строки 91–92	«как поместить это в один экран? **По-моему, вообще нет проблем.** Мы, главное, это обсуждали»
V0237	32 слайда	teorkat-vvedenie/repeticia/PRAVKI.md#ТЗ целиком, сформулированное в акте 6, строки 101–102	«В чём задача? **Задача — сделать 32 слайда в идеале.** Мне кажется, это получится. 32 слайда,
V0238	32 слайда — максимум	teorkat-vvedenie/repeticia/PRAVKI.md#ТЗ целиком, сформулированное в акте 6, строки 102–103	в которых больше не выйдет» · «**32 слайда — это максимум, потому что больше я просто не … вывезу.**
V0243	пункты 1, 2, 3 — один слайд	teorkat-vvedenie/repeticia/PRAVKI.md#ТЗ целиком, сформулированное в акте 6, строки 115–117	должна быть, но пункт 1, 2, 3. **На один слайд всегда это помещается.** У каждого короткая … строчка, что мы делаем»
V0249	один слайд	teorkat-vvedenie/repeticia/PRAVKI.md#КОРЕНЬ ВСЕГО, строки 143–144	«прям хороший, 18-я штука, 18-й абзац про функторы, про кобордизмы… **мне нравится очень … 18-й, первая сцена. Это реально размер одного слайда**»
V0252	8 блоков	teorkat-vvedenie/repeticia/PRAVKI.md#Часть 1: тот же счёт блоков, строки 179–184	«Комбинаторная теория типов — понятная история. Она должна состоять из **очень небольшого … числа актов**
V0253	8 блоков за полчаса	teorkat-vvedenie/repeticia/PRAVKI.md#Часть 1: тот же счёт блоков, строки 184–184	небольшой моралью. Вот я насчитал **8 блоков**… **Они рассказываются за полчаса, я уверен**»
V0254	полчаса на раздел	teorkat-vvedenie/repeticia/PRAVKI.md#Часть 1: тот же счёт блоков, строки 187–189	«всё, что здесь лишнее, — **здесь лишнего не должно быть**. Оно заканчивается за полчаса … из-за очень правильной расстановки блоков всех сюжетных линий. Мы про это говорили, но
V0256	текст режется в два раза	teorkat-vvedenie/repeticia/PRAVKI.md#Часть 1: тот же счёт блоков, строки 193–195	**Объём:** «тут очень много всего лишнего, и это нужно прям резко… по сути, я думаю, **в два раза … примерно текст порежется**.
V0257	похудеть в два раза по содержанию	teorkat-vvedenie/repeticia/PRAVKI.md#Часть 1: тот же счёт блоков, строки 194–195	Слайдов при этом, кстати, может примерно такое же количество … остаться, но по содержанию должно **похудеть примерно в два раза**»
V0258	восемь слайдов на раздел	teorkat-vvedenie/repeticia/PRAVKI.md#Часть 2 (слайды 11–18), строки 164–164	«Давай на примере второго. **Зоопарк. Восемь.**»
V0259	одна страница	teorkat-vvedenie/repeticia/PRAVKI.md#Часть 2 (слайды 11–18), строки 170–170	«Второй. Это помещается на одну страницу. Ничего не нужно. **Диаграмма не нужна** … «вторая: конструкции. **Всё просто с перечислением, коротким перечислением**»
V0260	два слайда	teorkat-vvedenie/repeticia/PRAVKI.md#Часть 2 (слайды 11–18), строки 171–171	**экзотические типа алгоритмов**. Это можно, наверное, **на два слайда**, я думаю, в список поместится»
V0261	7 слайдов, можно 8; текст на одну страницу на слайд	teorkat-vvedenie/repeticia/PRAVKI.md#Часть 2 (слайды 11–18), строки 175–175	**Пусть будет 7 тогда. Вот и все. Вот такой план. На каждый можно поместить прямо текст на одну страницу**»
V0262	один слайд	teorkat-vvedenie/repeticia/PRAVKI.md#Часть 2 (слайды 11–18), строки 172–172	«Функторы… тут даже **заголовка нет**, про функторы. Тоже такой же список. Мне кажется, **это один слайд**»
V0263	три шага	teorkat-vvedenie/repeticia/PRAVKI.md#Часть 2 (слайды 11–18), строки 174–174	«изоморфизм категорий, то есть примеры… то есть **только сначала должен быть пример, потом изоморфизм, потом определение**»
V0264	7 слайдов или 8 = реально 7–8 экранов	teorkat-vvedenie/repeticia/PRAVKI.md#РАЗРЕЗ 1 — СИСТЕМАТИЧЕСКОЕ, строки 226–226	«можно текст заменять и за счёт этого помещать несколько слайдов, **считать за один. Но это неправда**» · «бешеное количество сцен. **Как бы это чит. Тебе такое запрещено делать**»
V0265	8 попаданий на 5 слайдах	teorkat-vvedenie/repeticia/PRAVKI.md#РАЗРЕЗ 1 — СИСТЕМАТИЧЕСКОЕ, строки 227–227	«стилистика ужасная» · «это жуткая заголовок» · «Ужасный абзац… Ужасная формулировка» · «Одно тождество до дна — это жуткость… так не говорят по-русски» · «**у нас таки есть уроки, записаны они… везде в стилистике, что т
V0266	одна колонка	teorkat-vvedenie/repeticia/PRAVKI.md#РАЗРЕЗ 1 — СИСТЕМАТИЧЕСКОЕ, строки 228–228	«сделай меньше текста… в одну колонку… увеличить шрифт, и больше вообще ничего не писать»
V0285	четыре элемента	teorkat-vvedenie/repeticia/PRAVKI.md#РАЗРЕЗ 1 — СИСТЕМАТИЧЕСКОЕ, строки 234–234	а2: «мне не нравится, что у тебя четыре элемента. Опять, у тебя **слишком большая симметрия**… добавь элемент E»
V0309	две картинки	teorkat-vvedenie/repeticia/PRAVKI.md#Слайд 4, строки 314–314	«на слайде 4 можно вынести на поля **две картинки: сверху общую, а снизу частную**»
V0318	четыре элемента	teorkat-vvedenie/repeticia/PRAVKI.md#Слайд 4, строки 332–332	«мне не нравится, что у тебя четыре элемента. **Опять, у тебя слишком большая симметрия**… добавь элементы. **Добавь элемент E**»
V0329	не 5, а 10 пунктов в списке	teorkat-vvedenie/repeticia/PRAVKI.md#Слайд 7, строки 353–353	«список можно делать побольше, не из пяти пунктов, а из скольких-то **десяти пунктов**»
V0332	один слайд на мораль	teorkat-vvedenie/repeticia/PRAVKI.md#Слайд 8, строки 373–373	«**мораль должна быть очень простая: помещаться на один слайд** и быть супер понятной»
V0342	4 пункта = 4 строки в определении категории	teorkat-vvedenie/repeticia/PRAVKI.md#Слайд 13, строки 404–404	«**Четыре пункта, будет четыре строки**… такой же будет объём, **но будет читаться**»
V0352	1 слайд (а не «одна сцена») на блок конструкций	teorkat-vvedenie/repeticia/PRAVKI.md#Слайд 14, строки 421–421	«тебе нужно **вывести на слайд конструкции. Очень простые и короткие, и они должны помещаться на один слайд. Это жёсткое условие, не то что на одну сцену**»
V0359	1 строка на пункт вместо 2	teorkat-vvedenie/repeticia/PRAVKI.md#Слайд 15, строки 435–435	«**можно произнести название, как сейчас у тебя, потому что это заняло две строки. Но можно убрать название** и просто писать обозначение»
V0364	список из 5 пунктов, максимум 2 слайда	teorkat-vvedenie/repeticia/PRAVKI.md#Слайд 15, строки 441–441	«то есть **это нужно превратить в список**, может быть, это список из пяти, **из двух слайдов**»
V0365	1 слайд, 1 сцена (максимум 2), 1 минута на блок примеров	teorkat-vvedenie/repeticia/PRAVKI.md#Слайд 15, строки 442–442	«примеры должны помещаться **на один слайд. И они должны помещаться в одну, ну либо одну, либо две сцены. Скорее, одну. Просто список.** В этом смысл. **Мы хотели потратить на это минуту**»
V0367	1 слайд на функторы	teorkat-vvedenie/repeticia/PRAVKI.md#Слайд 16, строки 448–448	«Функторы… тут даже **заголовка нет**, про функторы. Тоже такой же список. Мне кажется, **это один слайд**»
V0372	3 минуты рассказа на один слайд-эталон	teorkat-vvedenie/repeticia/PRAVKI.md#Слайды 17–18, строки 460–460	«то **давай убирать это, как-то переделывать. Но вот это нормально. Вот у нас есть текст полноценный, про него можно рассказать за три минуты**»
V0373	8, возможно 9 сюжетов в части 3	teorkat-vvedenie/repeticia/PRAVKI.md#РАЗРЕЗ 2 — ЧАСТЬ 3 (сколько сюжетов), строки 467–469	«ну, я примерно говорю **8, там может быть 9**»
V0380	3 новых понятия за раз — перегруз	teorkat-vvedenie/repeticia/PRAVKI.md#Вводный слайд раздела, строки 492–492	«он выглядит дико для человека, который впервые это видит, что на него свалилось сразу **три новых понятия**»
V0394	3 сцены на одном слайде при общем заголовке	teorkat-vvedenie/repeticia/PRAVKI.md#Слайд «Сопоставление не продолжается до функтора», строки 512–512	«вот это пример, как раз где **три сцены разворачиваются на одном и том же слайде, потому что у них заголовок одинаковый**»
V0395	ровно 3 сцены, каждая на полный экран	teorkat-vvedenie/repeticia/PRAVKI.md#Слайд 20 (про морфизмы), строки 518–518	«**там только сцен должно быть всего три**, ну, там может что-то появляться, но по сути должно быть **три картинки, которые поверх друг друга лежат, и каждая помещается на полный экран**»
V0397	1 раз, не 2	teorkat-vvedenie/repeticia/PRAVKI.md#Слайд 20 (про морфизмы), строки 520–520	«в первом случае их надо сказать, **один раз их надо сказать, второй раз их сказать не надо**, не перечислять»
V0400	1 слайд, 3 экрана	teorkat-vvedenie/repeticia/PRAVKI.md#Слайд 21, строки 522–522	«один слайд должен быть про группы, где в нескольких итерациях разворачивается история: **сначала, я думаю, про раскраски, про инъекции, потом про группы, потом общий случай. Это три экрана**»
V0401	3 экрана → 1 экран	teorkat-vvedenie/repeticia/PRAVKI.md#Слайд 22, строки 523–523	«она у тебя занимает несколько, **три экрана, если не больше, 22 слайд, а должна занимать один экран. Просто со списком**»
V0403	1 строчка на упражнение	teorkat-vvedenie/repeticia/PRAVKI.md#Слайд 22, строки 525–525	«**просто выносится одной строчкой, только формулировка, больше ничего не выносится**»
V0410	7–8 сюжетов в части 4	teorkat-vvedenie/repeticia/PRAVKI.md#РАЗРЕЗ 2 — ЧАСТЬ 4 (объём), строки 536–537	«сделай так, чтобы было **7 сюжетов, или примерно 7–8**, сколько там у тебя было
V0411	7–8 экранов	teorkat-vvedenie/repeticia/PRAVKI.md#РАЗРЕЗ 2 — ЧАСТЬ 4 (объём), строки 537–537	запланировано, и подумай, как это расположить **на 7–8 экранах. Всё, что не нужно, надо резать**»
V0426	2 часа, 32 слайда, 4 → 3 → 3,5 минуты на слайд, 1 экран на слайд	teorkat-vvedenie/repeticia/PRAVKI.md#ТАЙМИНГ, строки 591–593	«условно 2 часа, 32 слайда — это значит, что
V0427	3,5 минуты на слайд	teorkat-vvedenie/repeticia/PRAVKI.md#ТАЙМИНГ, строки 592–593	**4 минуты на слайд, меньше**… допустим, **три минуты**, ну, примерно, **три с половиной минуты**
V0428	32 слайда — рамка, не выверенный список	teorkat-vvedenie/repeticia/PRAVKI.md#ТАЙМИНГ, строки 615–617	«мы его, собственно,
V0429	5 сцен = 10 минут вместо 5	teorkat-vvedenie/repeticia/PRAVKI.md#ТАЙМИНГ, строки 612–613	ПЕРЕСКАЗ: и правило «слайд = экран», из-за нарушения которого пять полноэкранных сцен «будут не
V0430	−3 слайда (часть 1), −1 слайд (часть 2), текст в 2 раза короче	teorkat-vvedenie/repeticia/PRAVKI.md#ТАЙМИНГ, строки 612–612	ПЕРЕСКАЗ: Направление чинится тем же, что назвал он: −3 слайда в части 1, −1 в части 2, текст «в два
V0433	2 прохода расшифровки	teorkat-vvedenie/repeticia/PRAVKI.md#Сверка двух движков, строки 700–701	ПЕРЕСКАЗ: Расшифровку каждого акта делать двумя проходами и сверять — дешевле, чем потерять правку.
V0438	1 слайд на все функторы	teorkat-vvedenie/repeticia/PRAVKI.md#РЕШЕНИЯ ВЛАДЕЛЬЦА, ДОПИСАННЫЕ АНАЛИТИКОМ 29.07, строки 722–722	*«Короткий список функторов — и всё. Я думаю, на один слайд, в котором должны быть разные самые функторы, и они должны все вместе попадать в один слайд»*
V0439	1 строка на пункт, 0,5 строки на комментарий	teorkat-vvedenie/repeticia/PRAVKI.md#РЕШЕНИЯ ВЛАДЕЛЬЦА, ДОПИСАННЫЕ АНАЛИТИКОМ 29.07, строки 723–723	ПЕРЕСКАЗ: Это то же правило перечня: пункт — строка, комментарий — максимум полстроки.
V0441	один случай, расписанный математически, а не «по аналогии»	catalan/zhurnal/2026-07-03_programma-kursa/zamechaniya-statya-mir2.md#Замечание 1 — §5 (цикл-лемма) и место §6 (площадь), строки 11–11	ПЕРЕСКАЗ: Аналогия «это похоже на циклическую лемму» слаба. … расписанная математически в ОДНОМ случае
V0446	две конструкции путь→дерево в одном абзаце	catalan/zhurnal/2026-07-03_programma-kursa/zamechaniya-statya-mir2.md#Замечание 3 — §7: две конструкции биекции путь↔дерево (потерянное утверждение), строки 31–	ПЕРЕСКАЗ: Не нравится абзац «на практике». … Так нельзя: либо доказать, что две процедуры дают одно дерево, либо доказывать Теорему 5 для первой.
V0471	одна лекция целиком на один сюжет	catalan/zhurnal/2026-07-05_mir1/zamechaniya-L1-process-first.md#(разделов нет, сплошной текст владельца), строки 15–15	Может быть, посвятить этому всю первую лекцию.
V0493	две задачи, идущие параллельно	catalan/zhurnal/2026-07-05_mir1/zamechaniya-mosty-kartoteka.md#(тело расшифровки), строки 21–21	у нас есть две разные задачи: с одной стороны, мы прямо сейчас пишем текст курса, а с другой стороны — на будущее готовим некий список материалов
V0498	N вверх / N вниз против 7 вверх / 3 вниз — его собственный пример	catalan/zhurnal/2026-07-05_mir1/zamechaniya-issledovanie-idei.md#(разделов нет, сплошной текст владельца), строки 5–5	в сбалансированном случае, который я называю сбалансированным, у нас N шагов вверх и N шагов вниз, а в несбалансированном может быть, например, 7 шагов вверх и 3 шага вниз
V0502	один заход — лимит на поиск, после которого останавливаемся	catalan/zhurnal/2026-07-05_mir1/zamechaniya-issledovanie-idei.md#(разделов нет, сплошной текст владельца), строки 15–15	Я бы запустил какой-то очень точечный заход, чтобы найти какие-то реально бриллианты, которые могут изменить игру … Если такого не найдётся за один точный, но не слишком глубокий заход, тогда, может быть, стоит на этом о
V0512	1 источник истины на все стадии	_studio/zhurnal/2026-07-10_sborka-konvejera/SESSIYA.md#2026-07-11 — владелец комментирует развилки (переосмысления + решения), строки 73–73	ОДИН источник истины на ВСЕХ стадиях (интервью → растущий источник → раскадровка → финал)
V0526	2 стороны канваса (верх/низ)	_studio/zhurnal/2026-07-11_fibonacci-kurs/SESSIYA.md#2026-07-11 — приёмка + разворот в перевёрстку Л1 (Cowork-сессия), строки 20–20	каждое утверждение = двусторонний **canvas** ВЕРХ/НИЗ; зоны разделены ФОНОМ без подписей; соответствие — ВЫРАВНИВАНИЕМ (образ под клеткой)
V0529	5 задач в лекции 1	_studio/zhurnal/2026-07-11_fibonacci-kurs/SESSIYA.md#2026-07-11 — приёмка + разворот в перевёрстку Л1 (Cowork-сессия), строки 22–22	Скоуп решён: **Лекция 1 = задачи 1–5** (с запасом на занятие)
V0539	5 малых примеров (1,1,2,3,5)	_studio/zhurnal/2026-07-11_fibonacci-kurs/SESSIYA.md#2026-07-11 — глаз владельца на v1 + со-разработка формата (Cowork, продолжение), строки 38–38	поток: замощение → полоска 1×n → выписать ВСЕ малые примеры (1,1,2,3,5) → гипотеза Фибоначчи → рекуррента → доказательство
V0540	поворот на 90° вместо смены размера	_studio/zhurnal/2026-07-11_fibonacci-kurs/SESSIYA.md#2026-07-11 — глаз владельца на v1 + со-разработка формата (Cowork, продолжение), строки 39–39	ЛЕВАЯ картинка — доминошки разного размера (гориз/верт); одинаковые, поворот на 90°
V0542	2 колонки; n=5 для примеров	_studio/zhurnal/2026-07-11_fibonacci-kurs/SESSIYA.md#2026-07-11 — глаз владельца на v1 + со-разработка формата (Cowork, продолжение), строки 41–41	звезду убрать → ДВЕ КОЛОНКИ (слева список объектов, справа узкая голубая колонка — примеры каждого при n=5)
V0553	переставлялись занятия 2 и 3	_studio/zhurnal/2026-07-11_geometria-6-nagliadnaya/SESSIYA.md#2026-07-11 — приёмка ресёрча, отбор, сбор материалов, строки 11–11	Предложенную перестановку 2↔3 (оптику раньше) владелец отклонил — за чередование
V0555	4 лекции вместо 8 тем	_studio/zhurnal/2026-07-11_geometria-6-nagliadnaya/SESSIYA.md#2026-07-11 — РАЗВОРОТ: мини-курс на 4 лекции вокруг формулы Эйлера, строки 20–20	Владелец сузил замысел: полный 8-темный курс НЕ делаем. Геометрия = **4 лекции**, идут ПОСЛЕ перерыва
V0556	6 класс — уровень аудитории	_studio/zhurnal/2026-07-11_geometria-6-nagliadnaya/SESSIYA.md#2026-07-11 — РАЗВОРОТ: мини-курс на 4 лекции вокруг формулы Эйлера, строки 21–21	**Убрано из курса:** оптика (эллипсы сложны 6 кл), оригами (есть отдельное оригами-мероприятие), закон кв-куба (масштаб/измерение — чужд нити)
V0557	1 инвариант на весь курс	_studio/zhurnal/2026-07-11_geometria-6-nagliadnaya/SESSIYA.md#2026-07-11 — РАЗВОРОТ: мини-курс на 4 лекции вокруг формулы Эйлера, строки 22–22	один инвариант В−Р+Г, БЕЗ углов и измерений (геометрия положения)
V0558	3 лекции при сжатии	_studio/zhurnal/2026-07-11_geometria-6-nagliadnaya/SESSIYA.md#2026-07-11 — РАЗВОРОТ: мини-курс на 4 лекции вокруг формулы Эйлера, строки 22–22	при желании ужать до 3 — раскраски свернуть в Л1
V0560	4 лекции в мини-курсе	_studio/zhurnal/2026-07-11_geometria-6-nagliadnaya/SESSIYA.md#2026-07-11 — РАЗВОРОТ: мини-курс на 4 лекции вокруг формулы Эйлера, строки 25–25	4-лекционный мини-курс должен быть максимально консистентным — одна нить наращивается, не набор тем (слова владельца)
V0561	4 занятия вместо 5	_studio/zhurnal/2026-07-11_informacia-i-kody/SESSIYA.md#2026-07-11 — kickoff: якоря, залоченный дизайн, ветвление «ресёрч задач», строки 28–28	ПЕРЕСКАЗ: 4 лекции, не 5.
V0569	~час+ самостоятельной работы	_studio/zhurnal/2026-07-11_informacia-i-kody/SESSIYA.md#2026-07-12 — формат уточнён (кружок-листок), листок Л1 собран из problems.ru, строки 58–58	ПЕРЕСКАЗ: кружок — листок с большой подборкой задач, ~час+ самостоятельно + устная сдача, почти без теории, мягкий вход … Лекционная раскладка отменена.
V0577	7 PDF	_studio/zhurnal/2026-07-11_reserch-zadach/SESSIYA.md#2026-07-11 — dry-run, разворот на строгий алгоритм, строки 27–27	ПЕРЕСКАЗ: корпус (7 PDF) оставлен спящим (слово владельца)
V0580	4 ступени градации	_studio/zhurnal/2026-07-12_l2-skolko-informacii/SESSIYA.md#2026-07-12 — разговор-первым: состав и тайминг Л2 зафиксированы, строки 16–16	**Объём/градация** — как Л1: разминка / простые / средние / «гробы».
V0581	~6–7 задач в среднем	_studio/zhurnal/2026-07-12_l2-skolko-informacii/SESSIYA.md#2026-07-12 — обратная связь Л1 + разворот Л2 в «лекция + простые упражнения», строки 26–26	ПЕРЕСКАЗ: один сильный школьник решил всё, кроме одной задачи … остальные в среднем ~6–7 задач — хорошая зона. Итог: результат хороший.
V0584	6 класс	_studio/zhurnal/2026-07-12_l2-skolko-informacii/SESSIYA.md#2026-07-12 — обратная связь Л1 + разворот Л2 в «лекция + простые упражнения», строки 28–28	ПЕРЕСКАЗ: Лекцию вести С комментарием, «не пережёстить» (без комментария 6 кл не поймёт — темы теории информации обычно дают старше).
V0597	3 роли	_studio/zhurnal/2026-07-12_l2-skolko-informacii/SESSIYA.md#2026-07-12 — уточнение: ядро = разрешающие ДЕРЕВЬЯ, взвешивания ВХОДЯТ, строки 61–61	Роли задач подписывать ЯВНО: [разбор вместе] / [сам] / [подумать] — владельцу было непонятно, где какая задача решается.
V0599	~20 мин рассказа	_studio/zhurnal/2026-07-12_l2-skolko-informacii/SESSIYA.md#2026-07-12 — КОНЕЦ СЕССИИ (хэндофф) + рефлексия в канон, строки 67–67	ПЕРЕСКАЗ: урок открывается **~20-мин рассказом** … НАЙТИ упрощения для 6 кл — «реально погуглить»
V0600	~10 задач; 2 породы	_studio/zhurnal/2026-07-12_l2-skolko-informacii/SESSIYA.md#2026-07-12 — КОНЕЦ СЕССИИ (хэндофф) + рефлексия в канон, строки 67–67	листок ~10 уровня Л1, **две породы задач** — «придумай способ сделать быстро» (много) и «придумай ОПТИМАЛЬНЫЙ способ» (меньше, сложнее), с гробами.
V0603	решение уровня ~8 кл при доступности 6 кл	_studio/zhurnal/2026-07-12_l2-skolko-informacii/SESSIYA.md#2026-07-12 — разворот владельца: материализован полный список условий + найдена книга Кноп, строки 83	идеал гроба — взвешивание с ПРОСТЫМ условием и ТРУДНЫМ (~8 кл) решением, доступное 6 кл к пониманию; можно вкрутить игру/стратегию
V0607	больше 30 мин — предел лекции-обсуждения	_studio/zhurnal/2026-07-12_l2-skolko-informacii/SESSIYA.md#2026-07-13 — Л2 ПРОВЕДЕНО: обратная связь владельца + разворот на Л3, строки 115–115	ПЕРЕСКАЗ: дети в конце сразу убегают … **Формат-факт: лекцию-обсуждение >получаса 6-классники не держат** → вводную резать.
V0608	~2–3 знакомых задачи на ребёнка	_studio/zhurnal/2026-07-12_l2-skolko-informacii/SESSIYA.md#2026-07-13 — Л2 ПРОВЕДЕНО: обратная связь владельца + разворот на Л3, строки 117–117	в среднем каждый уже слышал ~2–3 из них; **лампочки #60900 знали ВСЕ** (очень известная)
V0610	13 задач — много; 30 мин вводная; ~час на решение	_studio/zhurnal/2026-07-12_l2-skolko-informacii/SESSIYA.md#2026-07-13 — Л2 ПРОВЕДЕНО: обратная связь владельца + разворот на Л3, строки 118–118	**13 задач — много**: 30 мин съела вводная, на решение ~час → мало кто продвинулся. Целить меньше числом, но свежее.
V0612	~8 занятий в курсе	_studio/zhurnal/2026-07-12_l2-skolko-informacii/SESSIYA.md#2026-07-13 — Л2 ПРОВЕДЕНО: обратная связь владельца + разворот на Л3, строки 120–120	в курсе ~8 занятий, timing гибкий — «не страшно», если завершение съедет за перерыв
V0621	40-я минута — порог, после которого зал не должен «умирать»	_studio/zhurnal/2026-07-16_teorkat-programma-dizajn/SESSIYA.md#2026-07-17 — АУДИТ ПРОГРАММЫ (владелец попросил честный) + приёмка отчёта №2, строки 162–162	человек с линейной алгеброй не умирает на 40-й минуте
V0638	три области-исключения из школьных опор	_studio/zhurnal/2026-07-16_teorkat-programma-dizajn/SESSIYA.md#2026-07-17 (ход 2) — вердикт Riehl принят · блокер снят пополам · аналитик снова нарушил свой же 	Не тянем: комбинаторику, многочлены, начала матанализа
V0652	1.5 часа и 2 часа — длительность лекции, оба названы «очень много»	_studio/zhurnal/2026-07-16_teorkat-programma-dizajn/SESSIYA.md#2026-07-17 (ход 9) — БОЛЬШОЕ ИНТЕРВЬЮ. 12 вопросов, и ни один не был про то, про что я думал, стр	Полтора часа — это **очень много**. Два часа — очень много, **потому что не так просто придумать, что там два часа рассказывать**
V0653	40–60 сцен, ~30 слайдов, ~1 вычисление — на одну лекцию	_studio/zhurnal/2026-07-16_teorkat-programma-dizajn/SESSIYA.md#2026-07-17 (ход 9) — БОЛЬШОЕ ИНТЕРВЬЮ. 12 вопросов, и ни один не был про то, про что я думал, стр	40–60 сцен · ~30 слайдов · ~1 вычисление на лекцию
V0655	перерыв на три недели в параллельном курсе (он начался ≈15.07)	_studio/zhurnal/2026-07-16_teorkat-programma-dizajn/SESSIYA.md#2026-07-17 (ход 9) — БОЛЬШОЕ ИНТЕРВЬЮ. 12 вопросов, и ни один не был про то, про что я думал, стр	У них **параллельно будет идти курс по теории типов**, программу которого **я могу прислать полностью**
V0662	промежуток между третьей и девятой лекцией (≈6 лекций) — разрыв, после которого узнавания 	_studio/zhurnal/2026-07-16_teorkat-programma-dizajn/SESSIYA.md#2026-07-17 (ход 9) — БОЛЬШОЕ ИНТЕРВЬЮ. 12 вопросов, и ни один не был про то, про что я думал, стр	если это маленький сюжет. **Люди про него забудут.** Надо будет **заново рассказать**. Но два раза рассказывать — тоже законно.
V0665	20 минут — длина экскурса в линейную алгебру	_studio/zhurnal/2026-07-16_teorkat-programma-dizajn/SESSIYA.md#2026-07-17 (ход 9) — БОЛЬШОЕ ИНТЕРВЬЮ. 12 вопросов, и ни один не был про то, про что я думал, стр	отличный заход на 20 минут в линейную алгебру, такую бескоординатную, полезную для всех
V0666	20 минут — на разбор незнакомого залу понятия	_studio/zhurnal/2026-07-16_teorkat-programma-dizajn/SESSIYA.md#2026-07-17 (ход 9) — БОЛЬШОЕ ИНТЕРВЬЮ. 12 вопросов, и ни один не был про то, про что я думал, стр	не узнаваемо, но разберём за 20 минут
V0667	12 из 12 вопросов интервью — ни один вариант не выбран	_studio/zhurnal/2026-07-16_teorkat-programma-dizajn/SESSIYA.md#2026-07-17 (ход 9) — БОЛЬШОЕ ИНТЕРВЬЮ. 12 вопросов, и ни один не был про то, про что я думал, стр	ПЕРЕСКАЗ из двенадцати предложенных владельцу вариантов ответа, все вида «дать слайд или срезать», прибор не выбрал ни одного — трижды он переопределил сам вопрос
V0672	90 минут — длительность лекции, названа «много»	_studio/zhurnal/2026-07-16_teorkat-programma-dizajn/SESSIYA.md#2026-07-18, 05:23 (ход 20) — ФИНАЛЬНЫЙ НОЧНОЙ. Принимать нечего (4-й раз). КОНСОЛИДАЦИЯ нашла то,	90 минут — это много
V0675	4 дня (занятия) — раскладка задач по ним	_studio/zhurnal/2026-07-16_krivaya-drakona/SESSIYA.md#2026-07-16 (вечер) — получен оригинал 1970; дедлайн = завтра; порядок работ подтверждён владельцем, строки	сначала ресёрч по источникам → отбор материала → небольшой рассказ ДЛЯ МЕНЯ, чтобы разобраться → потом прикинуть, какие задачи в какие из 4 дней и с чего начать
V0677	10–12 мин показа в конце; лекция больше 30 мин не держится; 75 мин разбора держатся, если 	_studio/zhurnal/2026-07-16_krivaya-drakona/SESSIYA.md#2026-07-16 (поздний вечер) — план УТВЕРЖДЁН; добор задач; листок Л1 собран, строки 80–80	показ — финалом, а не вводной
V0707	5 лёгких задач в мини-листке	_studio/zhurnal/2026-07-16_krivaya-drakona/SESSIYA.md#2026-07-17 (вечер) — ⭐ ВИДЖЕТ «СТРЕЛКА + ТОЧКА» СОБРАН, строки 225–225	**отдельный мини-листок на 5 лёгких задач**
V0738	5 → 4 задачи в мини-листке	_studio/zhurnal/2026-07-16_krivaya-drakona/SESSIYA.md#2026-07-17 (вечер, ход 8) — мини-листок Л2. Заказ оказался пустым множеством, владелец поймал повтор первы	пять задач совершенно не обязательно, можно и четыре оставить
V0760	12 школьников в группе; «все семь» — 7 задач	_studio/zhurnal/2026-07-16_krivaya-drakona/SESSIYA.md#2026-07-19 (ход 17) — условия 23–29 и ещё четыре вкладки. Занятие завтра, строки 585–585	что значит все семь? у нас 12 школьников, можно вывести что-то на слайд
V0762	7 задач в листочном формате — отвергнуто	_studio/zhurnal/2026-07-16_krivaya-drakona/SESSIYA.md#2026-07-19 (ход 18) — я собрал второй листок, которого мы решили не делать. Заказан был ПОКАЗ КРАСИВОГО, с	мы не хотели же давать задачки кроме разбора… ещё 7 задач в таком формате мы не хотим, это был второй листок
V0764	40–60 минут на самостоятельное решение в начале занятия	_studio/zhurnal/2026-07-16_krivaya-drakona/SESSIYA.md#2026-07-19 (ход 18) — я собрал второй листок, которого мы решили не делать. Заказан был ПОКАЗ КРАСИВОГО, с	40–60 минут дети решают то, что уже на руках
V0779	2 часа — общая длительность лекции при основной части в полтора часа	_studio/zhurnal/2026-07-25_lekcia-1/SESSIYA.md#2026-07-25 — Ф0 ИНТЕРВЬЮ, круг 1–2 (решения владельца), строки 35–38	«но там много вопросов, много обсуждений, поэтому реально мы заранее считаем, что она идёт 2 часа»
V0780	90 минут — плотное наполнение слайдов, с запасом до 2 часов	_studio/zhurnal/2026-07-25_lekcia-1/SESSIYA.md#2026-07-25 — Ф0 ИНТЕРВЬЮ, круг 1–2 (решения владельца), строки 35–38	«если окажется, что у нас так много сюжетов, что они в 90 минут не влезают, значит просто буду быстрее рассказывать»
V0782	30–45 слайдов на лекцию, ≈3 минуты на слайд	_studio/zhurnal/2026-07-25_lekcia-1/SESSIYA.md#2026-07-25 — Ф0 ИНТЕРВЬЮ, круг 1–2 (решения владельца), строки 35–38	ПЕРЕСКАЗ расчёт формата, записанный со слов владельца: слайд ≈ 3 минуты, у некоторых слайдов внутри несколько сцен, текста на слайде немного, рассказ плотный, отсюда около 30 слайдов, от 30 до 45
V0783	10 минут — перерыв в середине двухчасовой лекции	_studio/zhurnal/2026-07-25_lekcia-1/SESSIYA.md#2026-07-25 — Ф0 ИНТЕРВЬЮ, круг 1–2 (решения владельца), строки 35–38	ПЕРЕСКАЗ решение владельца о формате: перерыв 10 минут в середине — скорее делаем
V0802	8 источников и 15 задач — планки, снятые владельцем; он допускает, что реально найдётся вс	_studio/zhurnal/2026-07-25_lekcia-1/SESSIYA.md#2026-07-25 — Ф0 ИНТЕРВЬЮ, круг 1–2 (решения владельца), строки 224–233	не нужно ограничиваться в поиске восемью источниками, и 15 задач тоже неправильно — их может быть гораздо больше
V0807	2,5 часа — длительность, которую аналитик записал рядом с этой репликой	_studio/zhurnal/2026-07-25_lekcia-1/SESSIYA.md#2026-07-25 — Ф0 ИНТЕРВЬЮ, круг 1–2 (решения владельца), строки 235–249	«будем сидеть пока сидится»
V0858	20 минут — начало лекции, самый сложный для проектирования кусок	_studio/zhurnal/2026-07-25_lekcia-1/SESSIYA.md#2026-07-27 — Ф1, круг 4: диагноз потерь, линия и гейт, строки 674–684	«Про первые 20 минут лекции — это вообще самый сложный вопрос. Возможно, стоит вопрос подвесить и сначала собрать всю оставшуюся часть лекции, а потом вернуться к началу.»
V0859	7 разделов — много, 4 — идеально	_studio/zhurnal/2026-07-25_lekcia-1/SESSIYA.md#2026-07-27 — Ф1, круг 4: диагноз потерь, линия и гейт, строки 692–695	семь пунктов — это очень много, все забудут. Четыре — идеально. Но должна быть чёткая классификация, чтобы сразу понятно было, куда что относится.
V0868	10 частей, ~30 кусочков, 10 минут на кусок, 3–4 слайда на кусок	_studio/zhurnal/2026-07-25_lekcia-1/SESSIYA.md#Сессия 28.07 — Ф2, вход во внешнее, строки 902–908	ПЕРЕСКАЗ названная владельцем траектория: размеченный список, потом HTML-текст на прочтение, потом дробление лекции не на 4 части, а сначала на ~10, потом на ~30 кусочков с разделами и подпунктами; 10 самоценных десятими
V0871	1 слайд на микро-историю длиной 10 минут или меньше	_studio/zhurnal/2026-07-25_lekcia-1/SESSIYA.md#Сессия 28.07 — Ф2, вход во внешнее, строки 965–973	«это один слайд: несколько примеров, потом выдаём общую концепцию»
V0872	30–45 слайдов — второй раз названная владельцем планка объёма	_studio/zhurnal/2026-07-25_lekcia-1/SESSIYA.md#Сессия 28.07 — Ф2, вход во внешнее, строки 975–977	«у нас есть зарезервированный слайд из 30–45, вот один слайд точно есть»
V0880	5–8 групп в одной порции разбора	_studio/zhurnal/2026-07-25_lekcia-1/SESSIYA.md#Сессия 28.07 — Ф2, вход во внешнее, строки 1056–1064	ПЕРЕСКАЗ форма разбора, к которой владелец дважды возвращал аналитика: порция 5–8 групп, не больше; разворачивать содержание, а не имя, потому что владелец корпус не помнит и одно имя = потерянный ход; обязательно называ
V0882	1 слайд вместо 3 на трёхкратно повторённый приём	_studio/zhurnal/2026-07-25_lekcia-1/SESSIYA.md#Сессия 28.07 — Ф2, вход во внешнее, строки 1066–1072	«Ретрактная связка — это не три слайда. Это один раз объяснить конструкцию подробно, второй раз объяснить быстро, третий раз просто назвать теорему. Это грубо один слайд, на котором может быть несколько сцен. Или не обяз
V0883	21 сюжет — состав, который по оценке владельца помещается в лекцию	_studio/zhurnal/2026-07-25_lekcia-1/SESSIYA.md#Сессия 28.07 — Ф2, вход во внешнее, строки 1066–1072	надо брать эти 21 сюжет и просто дальше с ними работать
V0893	третья лекция — место, где по этому антипаттерну впервые возникает нетривиальное утвержден	_studio/zhurnal/2026-07-20_teorkat-motivacia/SESSIYA.md### 2026-07-19 — SEED КАЛИБРОВКИ: наговорённый текст владельца, строки 31–32	Рассказ про категории должен быть не таким: вот сейчас мы определили категории, потом обсудили морфизмы
V0894	первая лекция — срок, к которому вопрос обязан появиться	_studio/zhurnal/2026-07-20_teorkat-motivacia/SESSIYA.md### 2026-07-19 — SEED КАЛИБРОВКИ: наговорённый текст владельца, строки 34–35	Хотелось бы, чтобы на первой лекции уже была история про то, что мы получаем вопрос, естественный для человека, которого я описал.
V0895	две минуты — время на формулировку задачи в анонсе	_studio/zhurnal/2026-07-20_teorkat-motivacia/SESSIYA.md### 2026-07-19 — РАУНД 2: ответы на C1–C3. Критерий сдвинулся сильно, строки 87–88	Я могу написать в анонсе формулировку задачи за две минуты, и любой человек поймёт задачу, поймёт вопрос.
V0897	ноль упоминаний слова «категории» в анонсе	_studio/zhurnal/2026-07-20_teorkat-motivacia/SESSIYA.md### 2026-07-19 — РАУНД 2: ответы на C1–C3. Критерий сдвинулся сильно, строки 91–92	Я хочу написать анонс, в котором слова „категории“ не будет.
V0902	вторая половина первой лекции — граница, после которой законна внутренняя мотивация	_studio/zhurnal/2026-07-20_teorkat-motivacia/SESSIYA.md### 2026-07-19 — РАУНД 2: ответы на C1–C3. Критерий сдвинулся сильно, строки 116–117	начиная с какого-то момента — условно, со второй половины первой лекции — мотивация уже может быть внутрикатегорной, если перед этим категории мотивированы самостоятельно
V0915	десятки — нижняя граница; несколько сотен примеров на четыре лекции	_studio/zhurnal/2026-07-20_teorkat-motivacia/SESSIYA.md### 2026-07-19 — РАУНД 4: назван ЦЕНТРАЛЬНЫЙ ОБЪЕКТ первого блока и red-flag-критерий, строки 255–256	Десятки примеров — это ограничение снизу, на четыре лекции их, наверное, должно быть несколько сотен.
V0923	каждая лекция — частота упражнений	_studio/zhurnal/2026-07-20_teorkat-motivacia/SESSIYA.md### 2026-07-19 — РАУНД 5: владелец поправил направление интервью + критерий упражнения, строки 296–297	Мне кажется, такие вопросы должны быть на каждой лекции. Довольно очевидно, что на математической лекции должны быть упражнения.
V0930	было 9 лекций, стало 4 или даже 3 — при большей программе	_studio/zhurnal/2026-07-20_teorkat-motivacia/SESSIYA.md### 2026-07-19 — РАУНД 6: дух. Зрение / жанр / «въедливый плотный», строки 334–334	у меня было девять лекций на не очень большую программу, а они захотели четыре или даже три — на очень большую
V0932	в три раза больше времени у слабого слушателя	_studio/zhurnal/2026-07-20_teorkat-motivacia/SESSIYA.md### 2026-07-19 — РАУНД 6: дух. Зрение / жанр / «въедливый плотный», строки 336–336	Если он не очень крутой, он будет смотреть видео, смотреть слайды и потратит на это в три раза больше времени.
V0935	одна вершина на лекцию; там же назван объём «условно шесть часов и больше» и двухчасовые л	_studio/zhurnal/2026-07-20_teorkat-motivacia/SESSIYA.md### 2026-07-19 — РАУНД 7: правка манифеста. Требование КОНКРЕТИКИ, строки 373–374	По идее, в каждой лекции должна быть вершина, но можно распределять не обязательно равномерно.
V0949	15–20 упражнений в листке на каждой лекции	_studio/zhurnal/2026-07-20_teorkat-motivacia/SESSIYA.md### 2026-07-19 — РАУНД 8: правка по пунктам. Главный тезис оказался ДРУГИМ, строки 417–418	листок из 15–20 упражнений
V0957	требование, чтобы все критерии отбора имели числовую норму	_studio/zhurnal/2026-07-20_teorkat-motivacia/SESSIYA.md### 2026-07-19 — РАУНД 9: типология аналогий как ИНСТРУМЕНТ ОТБОРА + курс критериев на числа, строки 454–	лучше всего чтобы они были прям численными, чтобы по ним можно было прогонять сюжеты
V0973	отвергнут порог «три линии»	_studio/zhurnal/2026-07-20_teorkat-motivacia/SESSIYA.md### 2026-07-19 — РАУНД 13: ⭐⭐ ДВЕ БОЛЬШИЕ ИДЕИ + линии определены владельцем + поправка мне, строки 656–6	Я думаю, что линий должно быть не три, а очень много.
V0976	четыре лекции, примерно 6 часов, от 6 до 8 часов	_studio/zhurnal/2026-07-20_teorkat-motivacia/SESSIYA.md### 2026-07-19 — РАУНД 14: ⭐⭐⭐ ГОРИЗОНТ ЗАКРЫТ + инварианты через мощности (сильнейший результат арки), с	Может быть, от 6 до 8 часов.
V0979	уровень доступности — первокурсник (там же: «доступны первокурснику»)	_studio/zhurnal/2026-07-20_teorkat-motivacia/SESSIYA.md### 2026-07-19 — РАУНД 15: ⭐⭐⭐ КРИТЕРИЙ ПОИСКА НАЙДЕН — главный результат арки, строки 749–749	тексты, в которых категории возникают на не очень глубоком уровне, в каких-то других вспомогательных базовых математических конструкциях
V1001	пять вопросов на лекцию, по 10–15 минут каждый	_studio/zhurnal/2026-07-20_teorkat-motivacia/SESSIYA.md### 2026-07-19 — РАУНД 20: ⭐⭐ АРХИТЕКТУРА Л1 (гипотеза) — пять мини-арок и определение в конце, строки 92	не один вопрос про комбинаторику, а пять
V1006	90 минут лекции, 88 из них на примеры	_studio/zhurnal/2026-07-20_teorkat-motivacia/SESSIYA.md### 2026-07-19 — РАУНД 20: ⭐⭐ АРХИТЕКТУРА Л1 (гипотеза) — пять мини-арок и определение в конце, строки 94	Ты произносишь это слово впервые в конце, потратив из 90 минут 88 на подробное объяснение примеров.
V1013	два часа — во столько может растянуться один сюжет	_studio/zhurnal/2026-07-20_teorkat-motivacia/SESSIYA.md### 2026-07-19 — РАУНД 22: вердикты по доступности + консолидация + переход, строки 1014–1014	нужно очень аккуратно обсуждать, потому что в принципе там можно и
V1016	четыре лекции — граница блока	_studio/zhurnal/2026-07-20_teorkat-motivacia/SESSIYA.md### 2026-07-20 — РАУНД 25: горизонт закрыт окончательно + архитектура мега-захода, строки 1110–1110	мы готовим начальный кусок курса, который очерчен на границе примерно первых 4 лекций по прошлому плану, но туда добавляем функторы, естественные преобразования, эквивалентности
V1025	три лекции, четвёртая — как проблема, а не как опция	_studio/zhurnal/2026-07-20_teorkat-motivacia/SESSIYA.md### 2026-07-20 — РАУНД 29: рамка блока названа, заказана карта понятий, строки 1217–1217	не при желании, а с некоторой проблемой, если не будем успевать
V1029	отказ от минут как единицы измерения объёма; мерить числом теорем и материалом	_studio/zhurnal/2026-07-20_teorkat-motivacia/SESSIYA.md### 2026-07-20 — РАУНД 29: рамка блока названа, заказана карта понятий, строки 1227–1227	В минутах всегда неправильно получается: когда мы с тобой считаем, всегда по-разному
V1030	шесть часов — объём курса-введения, для которого нужна карта	_studio/zhurnal/2026-07-20_teorkat-motivacia/SESSIYA.md### 2026-07-20 — РАУНД 29: рамка блока названа, заказана карта понятий, строки 1230–1230	это действительно составить карту вот этого шестичасового курса-введения: что там вообще есть, а чего нет
V1060	раз в неделю — заявленная владельцем периодичность вычистки git-инцидентов	_studio/zhurnal/2026-07-30_dovodka-fabriki/SESSIYA.md### 2026-07-31, ~07:10 — 🔴 предпосылка владельца про git проверена по живым файлам и НЕ подтвердилась. Зато	мы их вычищаем условно раз в неделю, и в целом получается хорошо, эффективно; в последнее время что-то стало лучше
V1070	50 — верхняя граница числа слайдов в лекции	_studio/zhurnal/2026-07-30_dovodka-fabriki/SESSIYA.md### 2026-07-31, ~19:10 — владелец снял сборку лекции и назвал настоящую цель: ПОЛНОТА внесения, строка 409	меньше пятидесяти слайдов
V1071	750 — знаков в колонке	_studio/zhurnal/2026-07-30_dovodka-fabriki/SESSIYA.md### 2026-07-31, ~19:10 — владелец снял сборку лекции и назвал настоящую цель: ПОЛНОТА внесения, строка 409	750 знаков в колонке
V1072	1,5 часа вместо 2 — длительность лекции	_studio/zhurnal/2026-07-30_dovodka-fabriki/SESSIYA.md### 2026-07-31, ~19:10 — владелец снял сборку лекции и назвал настоящую цель: ПОЛНОТА внесения, строка 409	полтора часа вместо двух
V1075	~2 страницы — ожидаемый объём мат-каркаса курса	_studio/zhurnal/2026-07-21_mat-kostyak/SESSIYA.md#2026-07-21 — заход из штаба, строки 8–10	«мат-каркас крошечный (~2 стр)»
V1080	шесть часов — объём курса, названный «много»	_studio/zhurnal/2026-07-21_mat-kostyak/SESSIYA.md#2026-07-21 — Фаза 1 закрыта: разведка + интервью, гейт владельца пройден, строки 23–23	«шесть часов — это много; вопрос не успеваем ли, а можем ли мотивировать»
V1082	1:3 — пропорция формальной теории к распаковке	_studio/zhurnal/2026-07-21_mat-kostyak/SESSIYA.md#2026-07-21 — Фаза 1 закрыта: разведка + интервью, гейт владельца пройден, строки 27–27	1:3 у Ловера — мерка ГОДНОЙ распаковки
V1083	полсотни утверждений — контр-гипотеза владельца к его же «мало»	_studio/zhurnal/2026-07-21_mat-kostyak/SESSIYA.md#2026-07-21 — Фаза 1 закрыта: разведка + интервью, гейт владельца пройден, строки 30–30	(«мало» владельца против названной им же контр-гипотезы «полсотни»)
V1095	десятки внешних утверждений против «маленького» внутреннего	_studio/zhurnal/2026-07-21_mat-kostyak/SESSIYA.md#2026-07-21 — владелец объяснил рамку: деление ВНУТРЕННЕЕ / ВНЕШНЕЕ, а не «костяк / примеры», строки 102–110	потом внешнее собирается со всех сторон и его будут десятки
V1102	«ещё половина отваливается» — доля списка, снимаемая принципом двойственности	_studio/zhurnal/2026-07-21_mat-kostyak/SESSIYA.md#2026-07-21 — владелец оспорил результат по существу: список не иерархизирован, и «мяса» мало не случайно, стро	«Многие переговариваются и сводятся друг к другу; условно, произведение — это терминальный объект в какой-то категории, и по модулю этого единственность уже доказана раньше; то же про каррирование; плюс раз доказан принц
V1104	полчаса доказательств суммарно (при курсе на шесть часов)	_studio/zhurnal/2026-07-21_mat-kostyak/SESSIYA.md#2026-07-21 — владелец оспорил результат по существу: список не иерархизирован, и «мяса» мало не случайно, стро	«Доказательств суммарно на полчаса — куда делось всё остальное?»
V1105	первые три лекции — окно сравнения с чужими курсами	_studio/zhurnal/2026-07-21_mat-kostyak/SESSIYA.md#2026-07-21 — владелец оспорил результат по существу: список не иерархизирован, и «мяса» мало не случайно, стро	посмотреть в записки реальных курсов (условный MIT) — сколько содержательных утверждений они доказывают в первых трёх лекциях
V1113	три доказательства на шесть часов курса	_studio/zhurnal/2026-07-21_mat-kostyak/SESSIYA.md#2026-07-21 — ПРИЁМКА Ф3 (`kod_zamykanie.md`): принят. Главный итог 3→4, но настоящий результат — не число, стр	«три доказательства на шесть часов — неловко же»
V1118	четыре содержательных утверждения на шесть часов курса	_studio/zhurnal/2026-07-21_mat-kostyak/SESSIYA.md#2026-07-21 — владелец принял все четыре решения. Главный итог 3 → 5, строки 258–271	объяснение принято, но ощущение странности осталось
V1125	порог охвата — «до сопряжений»	_studio/zhurnal/2026-07-21_mat-kostyak/SESSIYA.md#2026-07-23 — ВЕРСИЯ 2 ОТКРЫТА кикоффом штаба; вход аналитика; гейт БРИФа сделан двухступенчатым, строки 466–46	открыть из книг список понятий и утверждений под потолок «до сопряжений»
V1126	две ступени гейта; живой образец на 3–4 блоках	_studio/zhurnal/2026-07-21_mat-kostyak/SESSIYA.md#2026-07-23 — ВЕРСИЯ 2 ОТКРЫТА кикоффом штаба; вход аналитика; гейт БРИФа сделан двухступенчатым, строки 466–47	**Решение владельца 23.07: гейт БРИФ-фазы двухступенчатый.**
V1128	173 упражнения — решения хранить не обязательно и не для всех	_studio/zhurnal/2026-07-21_mat-kostyak/SESSIYA.md#2026-07-23 — БРИФ ступень-1 (эскиз): ГЕЙТ «направление верное» ПРОЙДЕН, четыре решения владельца, строки 476–4	«Не искать и не писать все решения»
V1139	5–10 правок вида	_studio/zhurnal/2026-07-21_mat-kostyak/SESSIYA.md#2026-07-24 (утро) — ФИДБЕК ВЛАДЕЛЬЦА по виду собранного документа → заход `kod_navigacija.md` (9 решений), стр	«5–10 решений, которые легко внести и сделать текст гораздо более читаемым»
V1140	80% — целевая доля «хорошего вида»	_studio/zhurnal/2026-07-21_mat-kostyak/SESSIYA.md#2026-07-24 (утро) — ФИДБЕК ВЛАДЕЛЬЦА по виду собранного документа → заход `kod_navigacija.md` (9 решений), стр	(«привести хотя бы на 80% к хорошему виду»)
V1141	полтора часа (90 минут) на лекцию — объявлено избытком; 9 × 90 = 13.5 часов курса	_studio/zhurnal/2026-07-16_teorkat-landshaft/SESSIYA.md#2026-07-16 (22:40) — ХЭНДОФФ. Две поправки владельца снимают «дыру №2»; арка «Программа» уже живёт парал	Полтора часа на лекцию — это МНОГО
V1147	темп 3/5 (CCC к 3-й лекции, LCCC к 5-й) — принят как цель вместо гипотезы 4/8	_studio/zhurnal/2026-07-16_teorkat-landshaft/SESSIYA.md#2026-07-16 (19:30) — калибровка, ЛШСМ, темп: три решения владельца, строки 103–103	При этом сохранить понятность и простоту, наглядность и элегантность
V1150	возраст ядра зала 35+	_studio/zhurnal/2026-07-16_teorkat-landshaft/SESSIYA.md#2026-07-16 — ПЕРВОИСТОЧНИК: основание арки переписано, строки 70–70	Ядро — программисты 35+, не математики
V1153	меньше 50 слайдов на лекцию	_studio/zhurnal/2026-07-28_konspekt-l1/SESSIYA.md#2026-07-28 вечер — ПРИЁМКА захода `kod_uborka-konspekta.md`: ПРИНЯТ, строки 21–21	56 слайдов против «меньше 50»
V1154	меньше 50 слайдов · около 30 слайдов «вывезем»	_studio/zhurnal/2026-07-28_konspekt-l1/SESSIYA.md#2026-07-28 вечер — ПРИЁМКА захода `kod_uborka-konspekta.md`: ПРИНЯТ, строки 33–33	56 слайдов против «меньше 50» и против «около 30 вывезем»
V1156	полминуты на слайд-перебивку · 30 слайдов как единица счёта	_studio/zhurnal/2026-07-28_konspekt-l1/SESSIYA.md#2026-07-28 поздний вечер — разбор конспекта владельцем и второй заход, строки 41–41	цена такого слайда — полминуты. Это не считается за один из 30 слайдов
V1157	30 слайдов (со сценами) и 50 слайдов (без) — две разные единицы	_studio/zhurnal/2026-07-28_konspekt-l1/SESSIYA.md#2026-07-28 поздний вечер — разбор конспекта владельцем и второй заход, строки 41–41	относилось к слайдам со сценами
V1158	материал на 1,5 часа уложился в 1 час	_studio/zhurnal/2026-07-28_konspekt-l1/SESSIYA.md#2026-07-28 поздний вечер — разбор конспекта владельцем и второй заход, строки 41–41	вчера зал перестал задавать вопросы — материал на полтора часа рассказан за час
V1162	потолок лекции 120 минут	_studio/zhurnal/2026-07-28_konspekt-l1/SESSIYA.md#2026-07-28 ночь — ПРИЁМКА захода `kod_upakovka.md` (№3): ПРИНЯТ, строки 97–97	186 минут против 120
V1163	10 примеров = 2 минуты (счёт по слайду, не по блокам)	_studio/zhurnal/2026-07-28_konspekt-l1/SESSIYA.md#2026-07-29 ночь — ПРИЁМКА захода `kod_razrez.md` (№4): ПРИНЯТ, строки 113–113	десять примеров вместе стоят две минуты
V1164	4 акта, распределение 9 · 7 · 8 · 8 · плюс три слайда-разделителя = 35 слайдов	_studio/zhurnal/2026-07-28_konspekt-l1/SESSIYA.md#🔴 Решение владельца по итогам разреза: ЧЕТЫРЕ АКТА, не пять, строки 125–125	провал в середине снимается
V1168	55 уже сверстанных слайдов	_studio/zhurnal/2026-07-28_konspekt-l1/SESSIYA.md#Ночная цепочка продлена: заходы №8 и №9, строки 181–181	хочется воспользоваться тем, что 55 слайдов уже сверстаются, и не хочется их выбрасывать
V1169	главы Riehl 51 стр. / Mac Lane 24 / Awodey 28 против реальной лекции Altenkirch 6 стр.	_studio/zhurnal/2026-07-18_teorkat-l1/SESSIYA.md#2026-07-18 — широкая мерка снята → `MERKA-pervaya-lekcia.md`, строки 10–10	поправка Вани верна, меру нельзя брать в лоб с главы
V1170	5–7 доказательств на лекцию названы избыточными	_studio/zhurnal/2026-07-18_teorkat-l1/SESSIYA.md#2026-07-18 — разворот владельца (доза + рамка L1 + источники) [durable, прецедент #14: вкус владельца = решение	Я не думаю, что 5–7 доказательств осмысленно… не уверен, что должно быть много доказательств
V1171	5–7 доказательств — нижняя граница	_studio/zhurnal/2026-07-18_teorkat-l1/SESSIYA.md#2026-07-18 — разворот владельца (доза + рамка L1 + источники) [durable, прецедент #14: вкус владельца = решение	5–7 звучит нормально, меньше — мало
V1173	~30 коротких примеров на лекцию (против предложенных аналитиком 10–12)	_studio/zhurnal/2026-07-18_teorkat-l1/SESSIYA.md#2026-07-18 — разворот владельца (доза + рамка L1 + источники) [durable, прецедент #14: вкус владельца = решение	суммарно коротких примеров штук 30
V1180	11 класс — калибровочная точка зала	_studio/zhurnal/2026-07-18_teorkat-l1/SESSIYA.md#2026-07-18 — разворот владельца (доза + рамка L1 + источники) [durable, прецедент #14: вкус владельца = решение	сильный мат-класс, 11 кл.
V1187	40 минут — столько наберёт предложенный материал вместо полной лекции	_studio/zhurnal/2026-07-18_teorkat-l1/SESSIYA.md#2026-07-18 — РЕДИРЕКТ владельца: не «L1», а идеальное ВВЕДЕНИЕ в теоркат [durable, крупный], строки 48–48	терминальный объект скучноват, лекция кончится за 40 мин
V1190	1.5–2 часа на лекцию	_studio/zhurnal/2026-07-18_teorkat-l1/SESSIYA.md#2026-07-18 — РЕДИРЕКТ владельца: не «L1», а идеальное ВВЕДЕНИЕ в теоркат [durable, крупный], строки 49–49	Формат лекции — 1.5–2 часа
V1191	~2–3 лекции на всё введение; реальная первая ВЫРЕЗАЕТСЯ из него	_studio/zhurnal/2026-07-18_teorkat-l1/SESSIYA.md#2026-07-18 — РЕДИРЕКТ владельца: не «L1», а идеальное ВВЕДЕНИЕ в теоркат [durable, крупный], строки 49–49	это как раз мои три лекции
V1210	три конкурирующие мотивации к одному факту — признак, что мотивации нет ни одной (стр. 53–	_studio/zhurnal/2026-07-27_paskal-lekcia-sborka/SESSIYA.md### 2026-07-27 — Ф0 пройдена, архитектура собрана, концепт готов, строки 49–54	**Р-Д. Правило номер ноль: мотивация всегда одна — найти правильный разрез.**
V1212	72 сцены — не влезают (при объёме лекции 90 минут)	_studio/zhurnal/2026-07-27_paskal-lekcia-sborka/SESSIYA.md### 2026-07-27 — Ф0 пройдена, архитектура собрана, концепт готов, строки 68–72	Решение владельца при сверке объёма: 72 сцены не влезали.
V1217	языков четыре, а не три (стр. 109)	_studio/zhurnal/2026-07-27_paskal-lekcia-sborka/SESSIYA.md### 2026-07-27 — Ф0 пройдена, архитектура собрана, концепт готов, строки 109–110	Последний для детей самостоятельный язык, молча схлопывать нельзя.
V1219	1, потом 2, потом 3 — не сразу 4 (длина примера в вопросе в зал)	_studio/zhurnal/2026-07-27_paskal-lekcia-sborka/SESSIYA.md### 2026-07-27 — Ф0 пройдена, архитектура собрана, концепт готов, строки 113–114	По нарастающей длине: 1, потом 2, потом 3 — не сразу 4.
V1220	одна упакованная идея на формулу	_studio/zhurnal/2026-07-27_paskal-lekcia-sborka/SESSIYA.md### 2026-07-27 — Ф0 пройдена, архитектура собрана, концепт готов, строки 115–116	7. Нетривиальная формула — с подписью-переводом и одной упакованной идеей.
V1221	одна мысль = один слайд	_studio/zhurnal/2026-07-27_paskal-lekcia-sborka/SESSIYA.md### 2026-07-27 — Ф0 пройдена, архитектура собрана, концепт готов, строка 117	**Слайд — это мысль.** Одна мысль в двух видах — сцены, а не два слайда.
V1223	эталон 17 слайдов / 46 сцен, 2,7 сцены на слайд, максимум 5 — уже предел (стр. 123–124)	_studio/zhurnal/2026-07-27_paskal-lekcia-sborka/SESSIYA.md### 2026-07-27 — Ф0 пройдена, архитектура собрана, концепт готов, строки 123–125	Владелец: Бюфон уже плотный, места на бота там нет.
V1224	32 → 27 → 21 → 17 → 15 слайдов; итог 15 слайдов и 42 сцены на 90 минут	_studio/zhurnal/2026-07-27_paskal-lekcia-sborka/SESSIYA.md### 2026-07-27 — Ф0 пройдена, архитектура собрана, концепт готов, строка 127	Траектория объёма за сессию: 32 слайда (черновик) → 27 → 21 → 17 → **15 слайдов, 42 сцены**.
V1225	~750 знаков в текстовой колонке живого слайда; корпус-эталон 400–900 знаков	_studio/zhurnal/2026-07-27_paskal-lekcia-sborka/SESSIYA.md### Запись 27.07, вечер — от концепта до прочитанной лекции за один день, строки 147–150	скриншотом живого слайда владельца (~750 знаков в текстовой колонке)
V1226	50 минут против запланированных 90	_studio/zhurnal/2026-07-27_paskal-lekcia-sborka/SESSIYA.md### Запись 27.07, вечер — от концепта до прочитанной лекции за один день, строки 160–162	**Лекция уложилась в 50 минут вместо 90.** Габарит сверялся по числу слайдов и сцен, и по
V1228	100 шагов в постановке, 10 в выкладках; буквенная формула ровно одна	_studio/zhurnal/2026-07-27_paskal-lekcia-sborka/SESSIYA.md### Запись 27.07, вечер — от концепта до прочитанной лекции за один день, строки 164–166	через факториалы, всё остальное на конкретных числах (100 шагов в постановке,
V1235	полтора-два часа — объём, который отменён	_studio/zhurnal/2026-07-30_dovodka-l1/SESSIYA.md### 2026-07-30 ~04:35 — 🔴 ЖАНР ПЕРЕОПРЕДЕЛЁН ВЛАДЕЛЬЦЕМ. Это отменяет часть только что принятой работы, строка 3	нам это не нужно слайды на полтора-на два часа. Мы хотим делать слайды, которые сейчас уже постфактум выложим в интернет, чтобы их прочитали. Мы не делаем новую версию лекции — мы делаем слайд-конспекты к старой лекции, 
V1239	второй слайд — место, где обязано появиться главное слово	_studio/zhurnal/2026-07-30_dovodka-l1/SESSIYA.md### 2026-07-30 ~05:00 — РАЗБОР ОПРОСНИКА ПРОТИВ НОВЫХ РЕШЕНИЙ + порция 1 живого опроса, строка 60	слово „функториальность“ должно появляться практически на втором слайде
V1243	десять примеров — перебор	_studio/zhurnal/2026-07-30_dovodka-l1/SESSIYA.md### 2026-07-30 ~05:00 — РАЗБОР ОПРОСНИКА ПРОТИВ НОВЫХ РЕШЕНИЙ + порция 1 живого опроса, строка 71	Десять примеров, может быть, перебор. На тех же примерах, которые здесь есть, — про них поговорить подробнее, как это работает, картинки.
V1245	один финал вместо двух	_studio/zhurnal/2026-07-30_dovodka-l1/SESSIYA.md### 2026-07-30 ~05:00 — РАЗБОР ОПРОСНИКА ПРОТИВ НОВЫХ РЕШЕНИЙ + порция 1 живого опроса, строка 77	про резюме не могу сказать… я думаю, что у нас один финал
V1246	один слайд на одно определение	_studio/zhurnal/2026-07-30_dovodka-l1/SESSIYA.md### 2026-07-30 ~05:00 — РАЗБОР ОПРОСНИКА ПРОТИВ НОВЫХ РЕШЕНИЙ + порция 1 живого опроса, строка 78	и аккуратно сказать про вид — что такое вид, прямо потратив на это слайд
V1249	второй слайд — место композиции	_studio/zhurnal/2026-07-30_dovodka-l1/SESSIYA.md### 2026-07-30 ~05:00 — РАЗБОР ОПРОСНИКА ПРОТИВ НОВЫХ РЕШЕНИЙ + порция 1 живого опроса, строка 110	потому что люди не понимали — задавали вопрос, как их компонировать, что их можно компонировать. Это тоже очень важно.
V1255	две аудитории обслуживаются одновременно	_studio/zhurnal/2026-07-30_dovodka-l1/SESSIYA.md### 2026-07-30 ~05:00 — РАЗБОР ОПРОСНИКА ПРОТИВ НОВЫХ РЕШЕНИЙ + порция 1 живого опроса, строка 122	Аудитория — это сильные матшкольники и студенты, и им не нужно объяснять, что такое биекция, но на лекции такие вопросы задавались
V1256	50 слайдов в одной части — много	_studio/zhurnal/2026-07-30_dovodka-l1/SESSIYA.md### 2026-07-30 ~17:00 — реакция владельца на план: ЧИСЛО ЭКРАНОВ ОСПОРЕНО + четыре ответа, строка 182	Ты хочешь сделать 50 слайдов в этой части? Как будто бы много очень
V1257	конкретное $n=7$ — $\binom 72$ и $\binom 75$ вместо общего $n$	_studio/zhurnal/2026-07-30_dovodka-l1/SESSIYA.md### 2026-07-30 ~17:00 — реакция владельца на план: ЧИСЛО ЭКРАНОВ ОСПОРЕНО + четыре ответа, строка 188	где-то у нас есть понятный заказ на иллюстрацию — например, там, где мы объясняем про
V1268	фигура играется трижды — три тождества, три арены, те же арены как объекты (стр. 220)	_studio/zhurnal/2026-07-30_dovodka-l1/SESSIYA.md### 2026-07-30, поздний вечер — СПИСОК СЛАЙДОВ собран за 7 редакций и ЛЕНТА ПЕРЕЛОЖЕНА, строка 220	имя падает последним, а обобщение мотивируется не сложностью, а МНОЖЕСТВЕННОСТЬЮ
V1269	50 → 23 → 16 → 17 → 14 → 15 слайдов за семь редакций; в деке 13	_studio/zhurnal/2026-07-30_dovodka-l1/SESSIYA.md### 2026-07-30, поздний вечер — СПИСОК СЛАЙДОВ собран за 7 редакций и ЛЕНТА ПЕРЕЛОЖЕНА, строка 218	Числа по редакциям: машинный план 50 → ред. 2 — 23 → ред. 3 — 16 → ред. 4 — 17 → ред. 6 — 14 → **ред. 7 — 15** (сейчас в деке 13).
V1284	10 → 20+ единиц (карточек-героев) в артефакте	_studio/zhurnal/2026-07-20_vvedenie-sborka/SESSIYA.md### 2026-07-21 — хэндофф в новый чат; переопределение задачи (мета-слой), строки 112–112	10 — мало, надо больше (20+)
V1316	11 класс матшколы / 1 курс — точка калибровки зала	_studio/zhurnal/2026-07-20_osnovanie-vvedenie/SESSIYA.md### 2026-07-20 — ЗАЛ НАЗНАЧЕН · заморозка подтверждена · заведён `OSNOVANIE.md`, строки 23–23	математически сильного, формально неподготовленного** (одиннадцатиклассник матшколы / первокурсник)
V1317	35+ лет — возраст части зала, которая не задаёт низ калибровки	_studio/zhurnal/2026-07-20_osnovanie-vvedenie/SESSIYA.md### 2026-07-20 — ЗАЛ НАЗНАЧЕН · заморозка подтверждена · заведён `OSNOVANIE.md`, строки 23–23	принято явно, что часть материала потребует от них дополнительного погружения
V1320	1 лекция — объём, названный на звонке 18.07	_studio/zhurnal/2026-07-20_osnovanie-vvedenie/SESSIYA.md### 2026-07-20 — ЗАЛ НАЗНАЧЕН · заморозка подтверждена · заведён `OSNOVANIE.md`, строки 32–32	сейчас на мне — только
V1321	3 лекции, ~6 реальных часов — объём курса	_studio/zhurnal/2026-07-20_osnovanie-vvedenie/SESSIYA.md### 2026-07-20 — ЗАЛ НАЗНАЧЕН · заморозка подтверждена · заведён `OSNOVANIE.md`, строки 32–32	«три лекции, ~6 реальных часов, потолок CCC». Второе — планирование владельца
V1322	3 лекции, допуск до 4 — объём курса	_studio/zhurnal/2026-07-20_osnovanie-vvedenie/SESSIYA.md### 2026-07-20 — ЗАЛ НАЗНАЧЕН · заморозка подтверждена · заведён `OSNOVANIE.md`, строки 34–34	три лекции считаем решёнными, с допуском растянуться на четыре
V1323	10 — столько микроарок было предложено собрать одним ходом, и именно это отклонено; законн	_studio/zhurnal/2026-07-28_teksty-l1/SESSIYA.md#2026-07-27 — вход, форма микроарки, первая микроарка отбита, строки 12–12	не пытайся собрать их сразу 10… ты мне сначала посмотри на список внешних сюжетов, список внутренних, сопоставь по параллелям и мостам, предложи какую-нибудь ОДНУ микроарку. Мы обсудим, посмотрим как она устроена, потом 
V1324	2–5 слайдов в микроарке; 3–4 минуты на слайд	_studio/zhurnal/2026-07-28_teksty-l1/SESSIYA.md#2026-07-27 — вход, форма микроарки, первая микроарка отбита, строки 14–14	ПЕРЕСКАЗ — дневник называет это «решение владельца, durable» и перечисляет: «Два законных рода (ЦЕПЬ / АЛЬМАНАХ), 2–5 слайдов, слайд = 3–4 минуты и может содержать сцены, обязательные название и анонс (для нас, но говори
V1329	два больших раздела (в фиксируемом финале)	_studio/zhurnal/2026-07-28_teksty-l1/SESSIYA.md#2026-07-27 — четыре решения владельца: блок на Л2, порядок цепи, порядок Брауэра, старт с финала, строки 35–35	я бы здесь даже сделал два больших раздела с каким-то количеством подразделов в каждом
V1330	раздел ≈ 15–20 мин; 7–8 разделов на два часа	_studio/zhurnal/2026-07-28_teksty-l1/SESSIYA.md#2026-07-27 — четыре решения владельца: блок на Л2, порядок цепи, порядок Брауэра, старт с финала, строки 35–35	ПЕРЕСКАЗ — записано в том же пункте решений владельца: «Раздел ≈ 15–20 мин, всего на два часа ожидается 7–8 разделов»; у раздела есть анонс и функция в драматургии («первый ставит вопросы, второй является заключением»)
V1333	один подраздел за один ход	_studio/zhurnal/2026-07-28_teksty-l1/SESSIYA.md#2026-07-27 — финал зафиксирован, раздел про естественность снят, сессия закрыта, строки 45–45	ПЕРЕСКАЗ — «Требование владельца на дальнейшее: **по одному подразделу за ход, с математикой.**»
V1343	1 текст = 1 лекция; девять текстов вместо пяти	_studio/zhurnal/2026-07-16_teorkat-programma/SESSIYA.md#2026-07-16 — владелец забраковал обзор 1. Разбор, строки 35–35	ПЕРЕСКАЗ — «Решение владельца: один текст = одна лекция», причина: «темп стал вдвое плотнее, и всё остальное посыпалось следом. Девять текстов вместо пяти»
V1351	9 обзоров против предложенных 3	_studio/zhurnal/2026-07-16_teorkat-programma/SESSIYA.md#2026-07-16 — модель работы: Claude ошибся с «урезать до трёх», строки 52–52	ПЕРЕСКАЗ — Claude вписал «девять обзоров к 17-му не выйдет, лучше три хороших»; «Владелец не согласился, и он прав; строка снята»
V1354	~2–3 знакомых задачи на ученика; ~10 задач в листке — нормально	_studio/zhurnal/2026-07-13_l3-kodirovanie/SESSIYA.md#2026-07-13 — старт (хэндофф из закрытой арки Л2), строки 10–10	ПЕРЕСКАЗ — «задачам не хватило СВЕЖЕСТИ — в среднем ~2–3 на ученика знакомы, задачу про лампочки #60900 знали ВСЕ. Число задач не проблема (~10 ок) — проблема известность»
V1355	≥3 простые гарантированно неизвестные задачи	_studio/zhurnal/2026-07-13_l3-kodirovanie/SESSIYA.md#2026-07-13 — старт (хэндофф из закрытой арки Л2), строки 10–10	ПЕРЕСКАЗ — «Запрос владельца: собрать **большой пул**, из которого он сам выберет, и в нём обязательно **≥3 простые ГАРАНТИРОВАННО неизвестные** задачи; свежесть-ядро — из **иностранных/непереведённых** источников»
V1360	7 мало; ~10–12 задач, оптимум 10	_studio/zhurnal/2026-07-13_l3-kodirovanie/SESSIYA.md#2026-07-13 — обратная связь по листку v1 (из 7) → пересборка v2 (~10, вокруг двоичной записи), строки 34–34	ПЕРЕСКАЗ — «**7 мало → ~10–12** (оптимум 10)»
V1361	>30 мин — под вопросом, держат ли столько шестиклассники	_studio/zhurnal/2026-07-13_l3-kodirovanie/SESSIYA.md#2026-07-13 — обратная связь по листку v1 (из 7) → пересборка v2 (~10, вокруг двоичной записи), строки 34–34	ПЕРЕСКАЗ — «лекцию длиннее (6 кл держат >30 мин? — вводную дозировать)»
V1364	4 однотипные задачи — перебор, нужна одна линия	_studio/zhurnal/2026-07-13_l3-kodirovanie/SESSIYA.md#2026-07-13 — обратная связь по v2 → РАДИКАЛЬНАЯ пересборка v3 (листок = пересказ статьи Клепцына в задачах)	ПЕРЕСКАЗ — «первые задачи (2/3/4) дублируют друг друга (все «представь число двоичной записью»), №1 — самая общая, остальные — частные того же → не 4 однотипных, а ОДНА логичная линия»
V1375	1 страница листка	_studio/zhurnal/2026-07-13_l3-kodirovanie/SESSIYA.md#2026-07-13 — правки листка (∗ убраны, «шифр Васи», 7–8 на стр.2), строки 55–55	ПЕРЕСКАЗ — «**ИТОГ (владелец решил):** всё на ОДНУ страницу, ОДНОСТОРОННЯЯ печать (оборот карточек чист сам собой — двусторонняя возня не нужна)»
